condition_key,graph_id,evidence_level,D1_target_degree,D2_neighbor_coupling,D3_remote_class,S2_count,e12,e22,radius,rho_sensitivity,beta_sensitivity,cross_axis_js,diagnostic_score
RG001_high,RG001,high,4,0,D3-0:no-remote,0,0,0,1,0.0,0.0014,0.0014,0.0014
RG001_medium,RG001,medium,4,0,D3-0:no-remote,0,0,0,1,0.0,0.000269,0.000269,0.000269
RG001_low,RG001,low,4,0,D3-0:no-remote,0,0,0,1,0.0,1.9e-05,1.9e-05,1.9e-05
RG002_high,RG002,high,4,1,D3-0:no-remote,0,0,0,1,0.000618,0.000107,0.000722,0.000828
RG002_medium,RG002,medium,4,1,D3-0:no-remote,0,0,0,1,3.9e-05,2.4e-05,6.8e-05,9.2e-05
RG002_low,RG002,low,4,1,D3-0:no-remote,0,0,0,1,0.0,4e-06,5e-06,5e-06
RG003_high,RG003,high,4,2,D3-0:no-remote,0,0,0,1,0.000597,0.000483,0.001025,0.001508
RG003_medium,RG003,medium,4,2,D3-0:no-remote,0,0,0,1,5.1e-05,4.7e-05,9.9e-05,0.000145
RG003_low,RG003,low,4,2,D3-0:no-remote,0,0,0,1,1e-06,6e-06,6e-06,7e-06
RG004_high,RG004,high,4,3,D3-0:no-remote,0,0,0,1,0.000484,0.006007,0.006413,0.006897
RG004_medium,RG004,medium,4,3,D3-0:no-remote,0,0,0,1,0.000189,0.000843,0.001011,0.0012
RG004_low,RG004,low,4,3,D3-0:no-remote,0,0,0,1,1e-06,1.3e-05,1.4e-05,1.5e-05
RG005_high,RG005,high,4,3,D3-0:no-remote,0,0,0,1,0.001343,0.001282,0.002546,0.003827
RG005_medium,RG005,medium,4,3,D3-0:no-remote,0,0,0,1,0.000129,4.4e-05,0.000169,0.000213
RG005_low,RG005,low,4,3,D3-0:no-remote,0,0,0,1,1e-06,2e-06,3e-06,4e-06
RG006_high,RG006,high,4,4,D3-0:no-remote,0,0,0,1,0.00201,0.000913,0.002913,0.003826
RG006_medium,RG006,medium,4,4,D3-0:no-remote,0,0,0,1,0.00021,6.6e-05,0.000275,0.000341
RG006_low,RG006,low,4,4,D3-0:no-remote,0,0,0,1,2e-06,1e-06,3e-06,4e-06
RG007_high,RG007,high,4,2,D3-0:no-remote,0,0,0,1,0.001187,0.000148,0.001337,0.001485
RG007_medium,RG007,medium,4,2,D3-0:no-remote,0,0,0,1,0.000106,1.8e-05,0.000126,0.000144
RG007_low,RG007,low,4,2,D3-0:no-remote,0,0,0,1,1e-06,1e-06,2e-06,3e-06
RG008_high,RG008,high,3,2,D3-1:tree-like-remote,1,1,0,2,0.002045,0.009066,0.010829,0.012874
RG008_medium,RG008,medium,3,2,D3-1:tree-like-remote,1,1,0,2,0.000205,0.000649,0.00082,0.001025
RG008_low,RG008,low,3,2,D3-1:tree-like-remote,1,1,0,2,4e-06,1.4e-05,1.7e-05,2.1e-05
RG009_high,RG009,high,3,2,D3-2:strong-remote,1,2,0,2,0.002712,0.012809,0.014933,0.017645
RG009_medium,RG009,medium,3,2,D3-2:strong-remote,1,2,0,2,0.000243,0.000911,0.001056,0.001299
RG009_low,RG009,low,3,2,D3-2:strong-remote,1,2,0,2,4e-06,2.1e-05,2.2e-05,2.6e-05
RG010_high,RG010,high,3,1,D3-1:tree-like-remote,1,1,0,2,0.001119,0.003616,0.004665,0.005784
RG010_medium,RG010,medium,3,1,D3-1:tree-like-remote,1,1,0,2,7.4e-05,0.000184,0.000248,0.000322
RG010_low,RG010,low,3,1,D3-1:tree-like-remote,1,1,0,2,2e-06,6e-06,8e-06,1e-05
RG011_high,RG011,high,3,1,D3-2:strong-remote,1,2,0,2,0.001659,0.005273,0.006877,0.008536
RG011_medium,RG011,medium,3,1,D3-2:strong-remote,1,2,0,2,0.000365,0.000733,0.001086,0.001451
RG011_low,RG011,low,3,1,D3-2:strong-remote,1,2,0,2,2.8e-05,5e-05,7.8e-05,0.000106
RG012_high,RG012,high,3,1,D3-2:strong-remote,1,3,0,2,0.004129,0.017776,0.020876,0.025005
RG012_medium,RG012,medium,3,1,D3-2:strong-remote,1,3,0,2,0.000813,0.002059,0.002748,0.003561
RG012_low,RG012,low,3,1,D3-2:strong-remote,1,3,0,2,4e-05,9.5e-05,0.00013,0.00017
RG013_high,RG013,high,3,1,D3-2:strong-remote,1,2,0,2,0.002839,0.012191,0.014406,0.017245
RG013_medium,RG013,medium,3,1,D3-2:strong-remote,1,2,0,2,0.000356,0.001044,0.001327,0.001683
RG013_low,RG013,low,3,1,D3-2:strong-remote,1,2,0,2,1.1e-05,3.4e-05,4.3e-05,5.5e-05
RG014_high,RG014,high,3,1,D3-1:tree-like-remote,1,1,0,2,0.002142,0.008478,0.010292,0.012434
RG014_medium,RG014,medium,3,1,D3-1:tree-like-remote,1,1,0,2,0.000195,0.000577,0.000739,0.000934
RG014_low,RG014,low,3,1,D3-1:tree-like-remote,1,1,0,2,4e-06,1.3e-05,1.6e-05,2e-05
RG015_high,RG015,high,3,0,D3-1:tree-like-remote,1,1,0,2,0.001453,0.004526,0.005844,0.007297
RG015_medium,RG015,medium,3,0,D3-1:tree-like-remote,1,1,0,2,9.1e-05,0.000223,0.000299,0.00039
RG015_low,RG015,low,3,0,D3-1:tree-like-remote,1,1,0,2,3e-06,6e-06,9e-06,1.1e-05
RG016_high,RG016,high,3,0,D3-2:strong-remote,1,2,0,2,0.001987,0.006601,0.00834,0.010328
RG016_medium,RG016,medium,3,0,D3-2:strong-remote,1,2,0,2,0.000204,0.000502,0.00067,0.000873
RG016_low,RG016,low,3,0,D3-2:strong-remote,1,2,0,2,9e-06,2.2e-05,2.9e-05,3.9e-05
RG017_high,RG017,high,3,0,D3-2:strong-remote,1,3,0,2,0.002471,0.0087,0.010774,0.013245
RG017_medium,RG017,medium,3,0,D3-2:strong-remote,1,3,0,2,0.000294,0.000745,0.000973,0.001267
RG017_low,RG017,low,3,0,D3-2:strong-remote,1,3,0,2,1.6e-05,3.9e-05,5.1e-05,6.6e-05
RG018_high,RG018,high,2,1,D3-1:tree-like-remote,2,2,0,2,0.001166,0.000271,0.001428,0.001698
RG018_medium,RG018,medium,2,1,D3-1:tree-like-remote,2,2,0,2,9.8e-05,2.2e-05,0.000122,0.000144
RG018_low,RG018,low,2,1,D3-1:tree-like-remote,2,2,0,2,3e-06,0.0,3e-06,4e-06
RG019_high,RG019,high,2,1,D3-2:strong-remote,2,2,1,2,0.00023,0.005686,0.005762,0.005992
RG019_medium,RG019,medium,2,1,D3-2:strong-remote,2,2,1,2,0.00018,0.000856,0.000999,0.001179
RG019_low,RG019,low,2,1,D3-2:strong-remote,2,2,1,2,2e-06,1.7e-05,1.7e-05,1.9e-05
RG020_high,RG020,high,2,0,D3-1:tree-like-remote,2,2,0,2,0.000577,0.000916,0.001482,0.002058
RG020_medium,RG020,medium,2,0,D3-1:tree-like-remote,2,2,0,2,5.7e-05,2.8e-05,8.7e-05,0.000115
RG020_low,RG020,low,2,0,D3-1:tree-like-remote,2,2,0,2,2e-06,1e-06,3e-06,3e-06
RG021_high,RG021,high,2,0,D3-2:strong-remote,2,3,0,2,0.001865,0.000816,0.00268,0.003495
RG021_medium,RG021,medium,2,0,D3-2:strong-remote,2,3,0,2,0.000174,0.000149,0.000312,0.000461
RG021_low,RG021,low,2,0,D3-2:strong-remote,2,3,0,2,7e-06,7e-06,1.4e-05,2.1e-05
RG022_high,RG022,high,2,0,D3-2:strong-remote,2,4,0,2,0.002284,0.000879,0.00315,0.004029
RG022_medium,RG022,medium,2,0,D3-2:strong-remote,2,4,0,2,0.000185,0.000162,0.000329,0.000491
RG022_low,RG022,low,2,0,D3-2:strong-remote,2,4,0,2,6e-06,6e-06,1.1e-05,1.7e-05
RG023_high,RG023,high,2,0,D3-2:strong-remote,2,4,1,2,0.001931,0.000716,0.002644,0.00336
RG023_medium,RG023,medium,2,0,D3-2:strong-remote,2,4,1,2,0.000166,0.000148,0.000301,0.000449
RG023_low,RG023,low,2,0,D3-2:strong-remote,2,4,1,2,4e-06,4e-06,7e-06,1.1e-05
RG024_high,RG024,high,2,0,D3-2:strong-remote,2,3,1,2,0.000849,0.001753,0.002523,0.003372
RG024_medium,RG024,medium,2,0,D3-2:strong-remote,2,3,1,2,0.000159,0.00024,0.000382,0.000541
RG024_low,RG024,low,2,0,D3-2:strong-remote,2,3,1,2,8e-06,1.4e-05,2.1e-05,2.9e-05
RG025_high,RG025,high,2,0,D3-2:strong-remote,2,2,1,2,0.000734,0.000955,0.001649,0.002384
RG025_medium,RG025,medium,2,0,D3-2:strong-remote,2,2,1,2,8e-05,3.7e-05,0.000118,0.000155
RG025_low,RG025,low,2,0,D3-2:strong-remote,2,2,1,2,2e-06,1e-06,3e-06,3e-06
RG026_high,RG026,high,2,0,D3-1:tree-like-remote,2,2,0,2,0.001366,0.000452,0.001842,0.002293
RG026_medium,RG026,medium,2,0,D3-1:tree-like-remote,2,2,0,2,9.3e-05,4.2e-05,0.000133,0.000175
RG026_low,RG026,low,2,0,D3-1:tree-like-remote,2,2,0,2,3e-06,1e-06,4e-06,5e-06
RG027_high,RG027,high,2,0,D3-2:strong-remote,2,2,1,2,0.00155,0.000533,0.002102,0.002635
RG027_medium,RG027,medium,2,0,D3-2:strong-remote,2,2,1,2,8.1e-05,3.5e-05,0.000114,0.000149
RG027_low,RG027,low,2,0,D3-2:strong-remote,2,2,1,2,1e-06,0.0,1e-06,2e-06
RG028_high,RG028,high,5,0,D3-0:no-remote,0,0,0,1,0.0,0.001229,0.001229,0.001229
RG028_medium,RG028,medium,5,0,D3-0:no-remote,0,0,0,1,0.0,0.000291,0.000291,0.000291
RG028_low,RG028,low,5,0,D3-0:no-remote,0,0,0,1,0.0,3.2e-05,3.2e-05,3.2e-05
RG029_high,RG029,high,5,1,D3-0:no-remote,0,0,0,1,0.000922,0.000993,0.001915,0.002838
RG029_medium,RG029,medium,5,1,D3-0:no-remote,0,0,0,1,4.5e-05,6.2e-05,0.00011,0.000155
RG029_low,RG029,low,5,1,D3-0:no-remote,0,0,0,1,0.0,4e-06,4e-06,5e-06
RG030_high,RG030,high,5,2,D3-0:no-remote,0,0,0,1,0.000828,0.001824,0.002558,0.003386
RG030_medium,RG030,medium,5,2,D3-0:no-remote,0,0,0,1,6e-05,0.000117,0.000173,0.000233
RG030_low,RG030,low,5,2,D3-0:no-remote,0,0,0,1,1e-06,6e-06,7e-06,7e-06
RG031_high,RG031,high,5,3,D3-0:no-remote,0,0,0,1,0.000508,0.006086,0.006511,0.007019
RG031_medium,RG031,medium,5,3,D3-0:no-remote,0,0,0,1,0.00021,0.001017,0.001203,0.001413
RG031_low,RG031,low,5,3,D3-0:no-remote,0,0,0,1,1e-06,2e-05,2.1e-05,2.2e-05
RG032_high,RG032,high,5,4,D3-0:no-remote,0,0,0,1,0.001616,0.000592,0.001884,0.002476
RG032_medium,RG032,medium,5,4,D3-0:no-remote,0,0,0,1,0.000222,0.000385,0.000621,0.000844
RG032_low,RG032,low,5,4,D3-0:no-remote,0,0,0,1,3e-06,6.1e-05,6.5e-05,6.9e-05
RG033_high,RG033,high,5,4,D3-0:no-remote,0,0,0,1,0.001701,0.000617,0.002267,0.002885
RG033_medium,RG033,medium,5,4,D3-0:no-remote,0,0,0,1,9.3e-05,6.3e-05,0.000158,0.000221
RG033_low,RG033,low,5,4,D3-0:no-remote,0,0,0,1,1e-06,6e-06,7e-06,8e-06
RG034_high,RG034,high,5,5,D3-0:no-remote,0,0,0,1,0.00207,0.000781,0.002634,0.003415
RG034_medium,RG034,medium,5,5,D3-0:no-remote,0,0,0,1,0.00017,3.5e-05,0.000219,0.000254
RG034_low,RG034,low,5,5,D3-0:no-remote,0,0,0,1,1e-06,7e-06,9e-06,1e-05
RG035_high,RG035,high,5,6,D3-0:no-remote,0,0,0,1,0.003324,0.000341,0.003579,0.003921
RG035_medium,RG035,medium,5,6,D3-0:no-remote,0,0,0,1,0.000125,6e-06,0.000145,0.000151
RG035_low,RG035,low,5,6,D3-0:no-remote,0,0,0,1,1e-06,6e-06,7e-06,8e-06
RG036_high,RG036,high,5,3,D3-0:no-remote,0,0,0,1,0.001581,0.002206,0.003673,0.005255
RG036_medium,RG036,medium,5,3,D3-0:no-remote,0,0,0,1,0.000146,0.000178,0.000311,0.000457
RG036_low,RG036,low,5,3,D3-0:no-remote,0,0,0,1,1e-06,5e-06,6e-06,7e-06
RG037_high,RG037,high,5,4,D3-0:no-remote,0,0,0,1,0.002039,0.00113,0.002869,0.003999
RG037_medium,RG037,medium,5,4,D3-0:no-remote,0,0,0,1,0.000182,3.9e-05,0.000238,0.000277
RG037_low,RG037,low,5,4,D3-0:no-remote,0,0,0,1,1e-06,8e-06,9e-06,1e-05
RG038_high,RG038,high,5,4,D3-0:no-remote,0,0,0,1,0.002016,0.000153,0.002149,0.002303
RG038_medium,RG038,medium,5,4,D3-0:no-remote,0,0,0,1,0.000108,2.1e-05,0.000138,0.000158
RG038_low,RG038,low,5,4,D3-0:no-remote,0,0,0,1,1e-06,5e-06,6e-06,7e-06
RG039_high,RG039,high,5,3,D3-0:no-remote,0,0,0,1,0.001532,0.001547,0.003012,0.004544
RG039_medium,RG039,medium,5,3,D3-0:no-remote,0,0,0,1,0.000142,0.000122,0.000259,0.000381
RG039_low,RG039,low,5,3,D3-0:no-remote,0,0,0,1,1e-06,4e-06,5e-06,6e-06
RG040_high,RG040,high,5,2,D3-0:no-remote,0,0,0,1,0.001348,0.000226,0.00159,0.001816
RG040_medium,RG040,medium,5,2,D3-0:no-remote,0,0,0,1,5.4e-05,3.3e-05,9.4e-05,0.000127
RG040_low,RG040,low,5,2,D3-0:no-remote,0,0,0,1,0.0,5e-06,5e-06,5e-06
RG041_high,RG041,high,4,3,D3-1:tree-like-remote,1,1,0,2,0.001672,0.013944,0.014976,0.016647
RG041_medium,RG041,medium,4,3,D3-1:tree-like-remote,1,1,0,2,0.000362,0.001651,0.001925,0.002287
RG041_low,RG041,low,4,3,D3-1:tree-like-remote,1,1,0,2,6e-06,3.7e-05,4.1e-05,4.8e-05
RG042_high,RG042,high,4,3,D3-2:strong-remote,1,2,0,2,0.001898,0.015207,0.016274,0.018172
RG042_medium,RG042,medium,4,3,D3-2:strong-remote,1,2,0,2,0.00039,0.001976,0.00219,0.00258
RG042_low,RG042,low,4,3,D3-2:strong-remote,1,2,0,2,7e-06,4.9e-05,5e-05,5.7e-05
RG043_high,RG043,high,4,3,D3-2:strong-remote,1,3,0,2,0.001853,0.015314,0.016208,0.018061
RG043_medium,RG043,medium,4,3,D3-2:strong-remote,1,3,0,2,0.000321,0.001925,0.002,0.002321
RG043_low,RG043,low,4,3,D3-2:strong-remote,1,3,0,2,4e-06,4.8e-05,4.4e-05,4.8e-05
RG044_high,RG044,high,4,2,D3-1:tree-like-remote,1,1,0,2,0.000832,0.008897,0.009483,0.010315
RG044_medium,RG044,medium,4,2,D3-1:tree-like-remote,1,1,0,2,0.000295,0.001255,0.001495,0.00179
RG044_low,RG044,low,4,2,D3-1:tree-like-remote,1,1,0,2,5e-06,3.5e-05,3.9e-05,4.5e-05
RG045_high,RG045,high,4,3,D3-1:tree-like-remote,1,1,0,2,0.001947,0.007696,0.009419,0.011367
RG045_medium,RG045,medium,4,3,D3-1:tree-like-remote,1,1,0,2,0.000354,0.001221,0.00153,0.001885
RG045_low,RG045,low,4,3,D3-1:tree-like-remote,1,1,0,2,7e-06,3.4e-05,4e-05,4.7e-05
RG046_high,RG046,high,4,3,D3-2:strong-remote,1,2,0,2,0.002499,0.009106,0.011372,0.013871
RG046_medium,RG046,medium,4,3,D3-2:strong-remote,1,2,0,2,0.000807,0.00223,0.002987,0.003794
RG046_low,RG046,low,4,3,D3-2:strong-remote,1,2,0,2,3.8e-05,0.000104,0.000141,0.000179
RG047_high,RG047,high,4,4,D3-2:strong-remote,1,2,0,2,0.002168,0.010073,0.011898,0.014066
RG047_medium,RG047,medium,4,4,D3-2:strong-remote,1,2,0,2,0.000954,0.003042,0.003858,0.004812
RG047_low,RG047,low,4,4,D3-2:strong-remote,1,2,0,2,5.2e-05,0.000151,0.000201,0.000254
RG048_high,RG048,high,4,4,D3-2:strong-remote,1,3,0,2,0.003008,0.016749,0.018764,0.021772
RG048_medium,RG048,medium,4,4,D3-2:strong-remote,1,3,0,2,0.001115,0.003782,0.004599,0.005714
RG048_low,RG048,low,4,4,D3-2:strong-remote,1,3,0,2,5.8e-05,0.000188,0.000237,0.000295
RG049_high,RG049,high,4,4,D3-2:strong-remote,1,4,0,2,0.00308,0.017269,0.019253,0.022333
RG049_medium,RG049,medium,4,4,D3-2:strong-remote,1,4,0,2,0.001234,0.004062,0.004839,0.006073
RG049_low,RG049,low,4,4,D3-2:strong-remote,1,4,0,2,7.2e-05,0.000225,0.000274,0.000346
RG050_high,RG050,high,4,3,D3-2:strong-remote,1,3,0,2,0.002486,0.016062,0.017652,0.020138
RG050_medium,RG050,medium,4,3,D3-2:strong-remote,1,3,0,2,0.000968,0.003352,0.0041,0.005069
RG050_low,RG050,low,4,3,D3-2:strong-remote,1,3,0,2,5.2e-05,0.000172,0.000216,0.000269
RG051_high,RG051,high,4,3,D3-2:strong-remote,1,4,0,2,0.002572,0.016607,0.01811,0.020682
RG051_medium,RG051,medium,4,3,D3-2:strong-remote,1,4,0,2,0.00101,0.003471,0.004143,0.005153
RG051_low,RG051,low,4,3,D3-2:strong-remote,1,4,0,2,5.9e-05,0.000191,0.000234,0.000294
RG052_high,RG052,high,4,4,D3-1:tree-like-remote,1,1,0,2,0.001663,0.008718,0.01003,0.011693
RG052_medium,RG052,medium,4,4,D3-1:tree-like-remote,1,1,0,2,0.000398,0.00172,0.001984,0.002382
RG052_low,RG052,low,4,4,D3-1:tree-like-remote,1,1,0,2,9e-06,5.1e-05,5.7e-05,6.6e-05
RG053_high,RG053,high,4,4,D3-2:strong-remote,1,2,0,2,0.001989,0.013567,0.014644,0.016632
RG053_medium,RG053,medium,4,4,D3-2:strong-remote,1,2,0,2,0.000352,0.001911,0.002031,0.002383
RG053_low,RG053,low,4,4,D3-2:strong-remote,1,2,0,2,6e-06,5.5e-05,5.4e-05,6e-05
RG054_high,RG054,high,4,3,D3-2:strong-remote,1,2,0,2,0.002507,0.008968,0.011259,0.013767
RG054_medium,RG054,medium,4,3,D3-2:strong-remote,1,2,0,2,0.000818,0.002197,0.002973,0.003791
RG054_low,RG054,low,4,3,D3-2:strong-remote,1,2,0,2,3.9e-05,0.000103,0.000141,0.000181
RG055_high,RG055,high,4,3,D3-2:strong-remote,1,3,0,2,0.002459,0.016016,0.017505,0.019963
RG055_medium,RG055,medium,4,3,D3-2:strong-remote,1,3,0,2,0.000795,0.002976,0.00357,0.004364
RG055_low,RG055,low,4,3,D3-2:strong-remote,1,3,0,2,3.7e-05,0.000137,0.000168,0.000206
RG056_high,RG056,high,4,3,D3-2:strong-remote,1,2,0,2,0.002469,0.011861,0.013706,0.016175
RG056_medium,RG056,medium,4,3,D3-2:strong-remote,1,2,0,2,0.000398,0.001553,0.001836,0.002234
RG056_low,RG056,low,4,3,D3-2:strong-remote,1,2,0,2,7e-06,4.6e-05,4.9e-05,5.7e-05
RG057_high,RG057,high,4,2,D3-2:strong-remote,1,2,0,2,0.002409,0.015134,0.016995,0.019404
RG057_medium,RG057,medium,4,2,D3-2:strong-remote,1,2,0,2,0.000723,0.002096,0.00277,0.003492
RG057_low,RG057,low,4,2,D3-2:strong-remote,1,2,0,2,3.4e-05,9e-05,0.000122,0.000156
RG058_high,RG058,high,4,2,D3-2:strong-remote,1,3,0,2,0.002977,0.017476,0.019671,0.022648
RG058_medium,RG058,medium,4,2,D3-2:strong-remote,1,3,0,2,0.000987,0.002863,0.0037,0.004687
RG058_low,RG058,low,4,2,D3-2:strong-remote,1,3,0,2,4.7e-05,0.000132,0.000173,0.00022
RG059_high,RG059,high,4,2,D3-2:strong-remote,1,4,0,2,0.002572,0.017487,0.018689,0.021261
RG059_medium,RG059,medium,4,2,D3-2:strong-remote,1,4,0,2,0.001002,0.003406,0.004079,0.005081
RG059_low,RG059,low,4,2,D3-2:strong-remote,1,4,0,2,5.2e-05,0.000168,0.000206,0.000258
RG060_high,RG060,high,4,2,D3-2:strong-remote,1,3,0,2,0.002554,0.017207,0.018551,0.021105
RG060_medium,RG060,medium,4,2,D3-2:strong-remote,1,3,0,2,0.000982,0.003292,0.004059,0.005042
RG060_low,RG060,low,4,2,D3-2:strong-remote,1,3,0,2,4.7e-05,0.000149,0.00019,0.000236
RG061_high,RG061,high,4,2,D3-2:strong-remote,1,2,0,2,0.001887,0.014675,0.015564,0.017451
RG061_medium,RG061,medium,4,2,D3-2:strong-remote,1,2,0,2,0.000501,0.002078,0.002435,0.002936
RG061_low,RG061,low,4,2,D3-2:strong-remote,1,2,0,2,1.5e-05,7.1e-05,8.2e-05,9.7e-05
RG062_high,RG062,high,4,3,D3-1:tree-like-remote,1,1,0,2,0.001296,0.008395,0.009387,0.010683
RG062_medium,RG062,medium,4,3,D3-1:tree-like-remote,1,1,0,2,0.000292,0.001384,0.001604,0.001896
RG062_low,RG062,low,4,3,D3-1:tree-like-remote,1,1,0,2,6e-06,4e-05,4.5e-05,5.1e-05
RG063_high,RG063,high,4,3,D3-2:strong-remote,1,2,0,2,0.001687,0.009646,0.010983,0.01267
RG063_medium,RG063,medium,4,3,D3-2:strong-remote,1,2,0,2,0.000549,0.002101,0.002576,0.003125
RG063_low,RG063,low,4,3,D3-2:strong-remote,1,2,0,2,2.3e-05,8.7e-05,0.00011,0.000133
RG064_high,RG064,high,4,2,D3-1:tree-like-remote,1,1,0,2,0.001902,0.011263,0.012735,0.014638
RG064_medium,RG064,medium,4,2,D3-1:tree-like-remote,1,1,0,2,0.000224,0.000875,0.001057,0.001281
RG064_low,RG064,low,4,2,D3-1:tree-like-remote,1,1,0,2,4e-06,2e-05,2.3e-05,2.7e-05
RG065_high,RG065,high,4,2,D3-2:strong-remote,1,2,0,2,0.002262,0.013035,0.014666,0.016928
RG065_medium,RG065,medium,4,2,D3-2:strong-remote,1,2,0,2,0.000264,0.001178,0.001324,0.001588
RG065_low,RG065,low,4,2,D3-2:strong-remote,1,2,0,2,4e-06,2.9e-05,2.9e-05,3.3e-05
RG066_high,RG066,high,4,2,D3-2:strong-remote,1,3,0,2,0.002758,0.013526,0.015577,0.018335
RG066_medium,RG066,medium,4,2,D3-2:strong-remote,1,3,0,2,0.00035,0.001483,0.001687,0.002037
RG066_low,RG066,low,4,2,D3-2:strong-remote,1,3,0,2,9e-06,5.3e-05,5.6e-05,6.5e-05
RG067_high,RG067,high,4,2,D3-2:strong-remote,1,2,0,2,0.001861,0.011171,0.012455,0.014316
RG067_medium,RG067,medium,4,2,D3-2:strong-remote,1,2,0,2,0.000486,0.001953,0.002314,0.0028
RG067_low,RG067,low,4,2,D3-2:strong-remote,1,2,0,2,1.5e-05,6.8e-05,8e-05,9.5e-05
RG068_high,RG068,high,4,2,D3-1:tree-like-remote,1,1,0,2,0.001538,0.009945,0.011006,0.012544
RG068_medium,RG068,medium,4,2,D3-1:tree-like-remote,1,1,0,2,0.000316,0.00138,0.001621,0.001937
RG068_low,RG068,low,4,2,D3-1:tree-like-remote,1,1,0,2,6e-06,3.7e-05,4.2e-05,4.8e-05
RG069_high,RG069,high,4,1,D3-1:tree-like-remote,1,1,0,2,0.001888,0.000624,0.002481,0.003105
RG069_medium,RG069,medium,4,1,D3-1:tree-like-remote,1,1,0,2,0.000117,2.7e-05,0.000143,0.00017
RG069_low,RG069,low,4,1,D3-1:tree-like-remote,1,1,0,2,4e-06,0.0,4e-06,4e-06
RG070_high,RG070,high,4,1,D3-2:strong-remote,1,2,0,2,0.001473,0.007153,0.008515,0.009988
RG070_medium,RG070,medium,4,1,D3-2:strong-remote,1,2,0,2,0.000385,0.000978,0.001348,0.001733
RG070_low,RG070,low,4,1,D3-2:strong-remote,1,2,0,2,2.9e-05,6.3e-05,9.1e-05,0.00012
RG071_high,RG071,high,4,2,D3-2:strong-remote,1,2,0,2,0.001974,0.008201,0.009997,0.011971
RG071_medium,RG071,medium,4,2,D3-2:strong-remote,1,2,0,2,0.000536,0.001529,0.002029,0.002565
RG071_low,RG071,low,4,2,D3-2:strong-remote,1,2,0,2,3.2e-05,8.5e-05,0.000116,0.000148
RG072_high,RG072,high,4,2,D3-2:strong-remote,1,3,0,2,0.00288,0.013808,0.015987,0.018867
RG072_medium,RG072,medium,4,2,D3-2:strong-remote,1,3,0,2,0.000663,0.002072,0.002605,0.003268
RG072_low,RG072,low,4,2,D3-2:strong-remote,1,3,0,2,3.7e-05,0.00011,0.000143,0.00018
RG073_high,RG073,high,4,2,D3-2:strong-remote,1,4,0,2,0.002982,0.014186,0.016408,0.019389
RG073_medium,RG073,medium,4,2,D3-2:strong-remote,1,4,0,2,0.00077,0.002326,0.002884,0.003654
RG073_low,RG073,low,4,2,D3-2:strong-remote,1,4,0,2,4.9e-05,0.000139,0.000175,0.000224
RG074_high,RG074,high,4,1,D3-2:strong-remote,1,3,0,2,0.00297,0.015374,0.017352,0.020322
RG074_medium,RG074,medium,4,1,D3-2:strong-remote,1,3,0,2,0.000789,0.002351,0.002996,0.003785
RG074_low,RG074,low,4,1,D3-2:strong-remote,1,3,0,2,4.1e-05,0.000115,0.00015,0.000191
RG075_high,RG075,high,4,1,D3-2:strong-remote,1,4,0,2,0.002981,0.015513,0.017387,0.020368
RG075_medium,RG075,medium,4,1,D3-2:strong-remote,1,4,0,2,0.000767,0.00235,0.00291,0.003677
RG075_low,RG075,low,4,1,D3-2:strong-remote,1,4,0,2,4e-05,0.000118,0.000148,0.000188
RG076_high,RG076,high,4,2,D3-1:tree-like-remote,1,1,0,2,0.00148,0.006936,0.008227,0.009707
RG076_medium,RG076,medium,4,2,D3-1:tree-like-remote,1,1,0,2,0.000169,0.000703,0.000839,0.001008
RG076_low,RG076,low,4,2,D3-1:tree-like-remote,1,1,0,2,4e-06,2.1e-05,2.4e-05,2.8e-05
RG077_high,RG077,high,4,2,D3-2:strong-remote,1,2,0,2,0.001966,0.008503,0.010202,0.012168
RG077_medium,RG077,medium,4,2,D3-2:strong-remote,1,2,0,2,0.000298,0.001109,0.001336,0.001633
RG077_low,RG077,low,4,2,D3-2:strong-remote,1,2,0,2,9e-06,4.3e-05,4.9e-05,5.9e-05
RG078_high,RG078,high,4,1,D3-2:strong-remote,1,2,0,2,0.002203,0.012746,0.014161,0.016364
RG078_medium,RG078,medium,4,1,D3-2:strong-remote,1,2,0,2,0.000353,0.001314,0.00158,0.001933
RG078_low,RG078,low,4,1,D3-2:strong-remote,1,2,0,2,1.2e-05,4.7e-05,5.6e-05,6.8e-05
RG079_high,RG079,high,4,1,D3-2:strong-remote,1,3,0,2,0.002787,0.014506,0.016371,0.019158
RG079_medium,RG079,medium,4,1,D3-2:strong-remote,1,3,0,2,0.000506,0.001717,0.002092,0.002598
RG079_low,RG079,low,4,1,D3-2:strong-remote,1,3,0,2,1.9e-05,7e-05,8.3e-05,0.000102
RG080_high,RG080,high,4,1,D3-1:tree-like-remote,1,1,0,2,0.001741,0.008715,0.010081,0.011822
RG080_medium,RG080,medium,4,1,D3-1:tree-like-remote,1,1,0,2,0.000199,0.000797,0.000954,0.001153
RG080_low,RG080,low,4,1,D3-1:tree-like-remote,1,1,0,2,4e-06,2.2e-05,2.5e-05,2.9e-05
RG081_high,RG081,high,4,1,D3-2:strong-remote,1,2,0,2,0.002131,0.009941,0.011615,0.013746
RG081_medium,RG081,medium,4,1,D3-2:strong-remote,1,2,0,2,0.000354,0.001251,0.001528,0.001882
RG081_low,RG081,low,4,1,D3-2:strong-remote,1,2,0,2,1.2e-05,4.6e-05,5.5e-05,6.6e-05
RG082_high,RG082,high,4,0,D3-1:tree-like-remote,1,1,0,2,0.001276,0.005398,0.006499,0.007774
RG082_medium,RG082,medium,4,0,D3-1:tree-like-remote,1,1,0,2,9.5e-05,0.00038,0.000455,0.000549
RG082_low,RG082,low,4,0,D3-1:tree-like-remote,1,1,0,2,3e-06,1.3e-05,1.5e-05,1.8e-05
RG083_high,RG083,high,4,0,D3-2:strong-remote,1,2,0,2,0.001625,0.007648,0.008925,0.01055
RG083_medium,RG083,medium,4,0,D3-2:strong-remote,1,2,0,2,0.000204,0.00071,0.000867,0.001071
RG083_low,RG083,low,4,0,D3-2:strong-remote,1,2,0,2,9e-06,3.3e-05,4e-05,5e-05
RG084_high,RG084,high,4,0,D3-2:strong-remote,1,3,0,2,0.001961,0.008718,0.010243,0.012204
RG084_medium,RG084,medium,4,0,D3-2:strong-remote,1,3,0,2,0.000294,0.000972,0.001186,0.00148
RG084_low,RG084,low,4,0,D3-2:strong-remote,1,3,0,2,1.6e-05,5.2e-05,6.4e-05,8e-05
RG085_high,RG085,high,4,0,D3-2:strong-remote,1,4,0,2,0.002002,0.009023,0.010508,0.012511
RG085_medium,RG085,medium,4,0,D3-2:strong-remote,1,4,0,2,0.000332,0.001093,0.00131,0.001643
RG085_low,RG085,low,4,0,D3-2:strong-remote,1,4,0,2,2e-05,6.4e-05,7.7e-05,9.7e-05
RG086_high,RG086,high,3,2,D3-2:strong-remote,2,3,0,2,0.005067,0.021386,0.024963,0.03003
RG086_medium,RG086,medium,3,2,D3-2:strong-remote,2,3,0,2,0.001197,0.003015,0.004103,0.005301
RG086_low,RG086,low,3,2,D3-2:strong-remote,2,3,0,2,5.5e-05,0.000127,0.000178,0.000233
RG087_high,RG087,high,3,2,D3-2:strong-remote,2,4,0,2,0.005418,0.025169,0.028364,0.033782
RG087_medium,RG087,medium,3,2,D3-2:strong-remote,2,4,0,2,0.001525,0.0039,0.005184,0.006709
RG087_low,RG087,low,3,2,D3-2:strong-remote,2,4,0,2,7.3e-05,0.000176,0.00024,0.000313
RG088_high,RG088,high,3,2,D3-2:strong-remote,2,5,0,2,0.005269,0.026811,0.029466,0.034734
RG088_medium,RG088,medium,3,2,D3-2:strong-remote,2,5,0,2,0.001586,0.004389,0.005587,0.007172
RG088_low,RG088,low,3,2,D3-2:strong-remote,2,5,0,2,7.4e-05,0.000199,0.000256,0.000331
RG089_high,RG089,high,3,2,D3-2:strong-remote,2,5,1,2,0.004821,0.020356,0.024386,0.029208
RG089_medium,RG089,medium,3,2,D3-2:strong-remote,2,5,1,2,0.001819,0.003336,0.005089,0.006908
RG089_low,RG089,low,3,2,D3-2:strong-remote,2,5,1,2,8.3e-05,0.000129,0.000211,0.000294
RG090_high,RG090,high,3,2,D3-2:strong-remote,2,4,1,2,0.004145,0.020009,0.023293,0.027437
RG090_medium,RG090,medium,3,2,D3-2:strong-remote,2,4,1,2,0.001562,0.003178,0.004638,0.0062
RG090_low,RG090,low,3,2,D3-2:strong-remote,2,4,1,2,7.5e-05,0.000132,0.000204,0.000279
RG091_high,RG091,high,3,2,D3-2:strong-remote,2,4,0,2,0.005137,0.024519,0.02751,0.032647
RG091_medium,RG091,medium,3,2,D3-2:strong-remote,2,4,0,2,0.00137,0.003687,0.004838,0.006208
RG091_low,RG091,low,3,2,D3-2:strong-remote,2,4,0,2,6.3e-05,0.000161,0.000217,0.00028
RG092_high,RG092,high,3,2,D3-2:strong-remote,2,4,1,2,0.003325,0.013627,0.016629,0.019953
RG092_medium,RG092,medium,3,2,D3-2:strong-remote,2,4,1,2,0.001133,0.002136,0.00328,0.004412
RG092_low,RG092,low,3,2,D3-2:strong-remote,2,4,1,2,4.6e-05,7.1e-05,0.000117,0.000163
RG093_high,RG093,high,3,2,D3-2:strong-remote,2,3,1,2,0.003421,0.012989,0.016124,0.019546
RG093_medium,RG093,medium,3,2,D3-2:strong-remote,2,3,1,2,0.001006,0.001959,0.002972,0.003978
RG093_low,RG093,low,3,2,D3-2:strong-remote,2,3,1,2,4.2e-05,7.3e-05,0.000116,0.000159
RG094_high,RG094,high,3,2,D3-2:strong-remote,2,3,0,2,0.004093,0.018487,0.021982,0.026075
RG094_medium,RG094,medium,3,2,D3-2:strong-remote,2,3,0,2,0.001193,0.002813,0.003937,0.00513
RG094_low,RG094,low,3,2,D3-2:strong-remote,2,3,0,2,5.5e-05,0.000124,0.000177,0.000232
RG095_high,RG095,high,3,2,D3-2:strong-remote,2,3,1,2,0.002808,0.013541,0.015959,0.018766
RG095_medium,RG095,medium,3,2,D3-2:strong-remote,2,3,1,2,0.00094,0.002034,0.002957,0.003897
RG095_low,RG095,low,3,2,D3-2:strong-remote,2,3,1,2,4e-05,7.2e-05,0.000112,0.000152
RG096_high,RG096,high,3,2,D3-1:tree-like-remote,2,2,0,2,0.002252,0.0117,0.013583,0.015835
RG096_medium,RG096,medium,3,2,D3-1:tree-like-remote,2,2,0,2,0.000373,0.001213,0.001526,0.001899
RG096_low,RG096,low,3,2,D3-1:tree-like-remote,2,2,0,2,1.1e-05,3.6e-05,4.4e-05,5.5e-05
RG097_high,RG097,high,3,2,D3-2:strong-remote,2,3,0,2,0.003018,0.015967,0.01828,0.021298
RG097_medium,RG097,medium,3,2,D3-2:strong-remote,2,3,0,2,0.000453,0.001611,0.001921,0.002374
RG097_low,RG097,low,3,2,D3-2:strong-remote,2,3,0,2,1.1e-05,4.8e-05,5.4e-05,6.5e-05
RG098_high,RG098,high,3,2,D3-2:strong-remote,2,3,1,2,0.003219,0.001565,0.00472,0.006284
RG098_medium,RG098,medium,3,2,D3-2:strong-remote,2,3,1,2,0.000151,0.000162,0.0003,0.000451
RG098_low,RG098,low,3,2,D3-2:strong-remote,2,3,1,2,1e-06,1e-05,1e-05,1.1e-05
RG099_high,RG099,high,3,2,D3-2:strong-remote,2,2,1,2,0.0011,0.001377,0.00214,0.00324
RG099_medium,RG099,medium,3,2,D3-2:strong-remote,2,2,1,2,0.000192,0.000108,0.000275,0.000383
RG099_low,RG099,low,3,2,D3-2:strong-remote,2,2,1,2,2e-06,1.2e-05,1.2e-05,1.4e-05
RG100_high,RG100,high,3,2,D3-1:tree-like-remote,2,2,0,2,0.003994,0.016934,0.01961,0.023604
RG100_medium,RG100,medium,3,2,D3-1:tree-like-remote,2,2,0,2,0.000463,0.00138,0.001748,0.002211
RG100_low,RG100,low,3,2,D3-1:tree-like-remote,2,2,0,2,1.2e-05,3.7e-05,4.7e-05,5.9e-05
RG101_high,RG101,high,3,2,D3-2:strong-remote,2,3,0,2,0.003508,0.017017,0.019842,0.02335
RG101_medium,RG101,medium,3,2,D3-2:strong-remote,2,3,0,2,0.000551,0.001671,0.002082,0.002634
RG101_low,RG101,low,3,2,D3-2:strong-remote,2,3,0,2,1.3e-05,4.8e-05,5.6e-05,6.9e-05
RG102_high,RG102,high,3,2,D3-2:strong-remote,2,4,0,2,0.002633,0.000994,0.003621,0.004615
RG102_medium,RG102,medium,3,2,D3-2:strong-remote,2,4,0,2,0.000132,8.3e-05,0.000216,0.000299
RG102_low,RG102,low,3,2,D3-2:strong-remote,2,4,0,2,2e-06,5e-06,7e-06,1e-05
RG103_high,RG103,high,3,2,D3-2:strong-remote,2,4,1,2,0.00107,0.005584,0.006503,0.007572
RG103_medium,RG103,medium,3,2,D3-2:strong-remote,2,4,1,2,0.000125,0.000606,0.00067,0.000795
RG103_low,RG103,low,3,2,D3-2:strong-remote,2,4,1,2,2e-06,1.8e-05,1.8e-05,2e-05
RG104_high,RG104,high,3,2,D3-2:strong-remote,2,3,1,2,0.002935,0.001367,0.004249,0.005616
RG104_medium,RG104,medium,3,2,D3-2:strong-remote,2,3,1,2,0.000185,0.000174,0.000352,0.000526
RG104_low,RG104,low,3,2,D3-2:strong-remote,2,3,1,2,3e-06,1.1e-05,1.3e-05,1.6e-05
RG105_high,RG105,high,3,2,D3-2:strong-remote,2,2,1,2,0.002505,0.014756,0.016003,0.018508
RG105_medium,RG105,medium,3,2,D3-2:strong-remote,2,2,1,2,0.00026,0.001107,0.001284,0.001544
RG105_low,RG105,low,3,2,D3-2:strong-remote,2,2,1,2,8e-06,3.1e-05,3.8e-05,4.6e-05
RG106_high,RG106,high,3,2,D3-1:tree-like-remote,2,2,0,2,0.003212,0.014319,0.017054,0.020266
RG106_medium,RG106,medium,3,2,D3-1:tree-like-remote,2,2,0,2,0.000489,0.001306,0.001734,0.002223
RG106_low,RG106,low,3,2,D3-1:tree-like-remote,2,2,0,2,1.3e-05,3.6e-05,4.7e-05,6e-05
RG107_high,RG107,high,3,2,D3-2:strong-remote,2,2,1,2,0.002274,0.010043,0.012035,0.014309
RG107_medium,RG107,medium,3,2,D3-2:strong-remote,2,2,1,2,0.000238,0.000685,0.000896,0.001134
RG107_low,RG107,low,3,2,D3-2:strong-remote,2,2,1,2,2e-06,7e-06,9e-06,1.1e-05
RG108_high,RG108,high,3,1,D3-1:tree-like-remote,2,2,0,2,0.00377,0.012174,0.015237,0.019007
RG108_medium,RG108,medium,3,1,D3-1:tree-like-remote,2,2,0,2,0.000314,0.000768,0.001033,0.001347
RG108_low,RG108,low,3,1,D3-1:tree-like-remote,2,2,0,2,1e-05,2.4e-05,3.3e-05,4.3e-05
RG109_high,RG109,high,3,1,D3-2:strong-remote,2,3,0,2,0.004821,0.015266,0.019321,0.024142
RG109_medium,RG109,medium,3,1,D3-2:strong-remote,2,3,0,2,0.000882,0.001861,0.00269,0.003573
RG109_low,RG109,low,3,1,D3-2:strong-remote,2,3,0,2,5e-05,9.7e-05,0.000145,0.000195
RG110_high,RG110,high,3,1,D3-2:strong-remote,2,4,0,2,0.005326,0.01693,0.021375,0.026701
RG110_medium,RG110,medium,3,1,D3-2:strong-remote,2,4,0,2,0.001425,0.002905,0.004262,0.005687
RG110_low,RG110,low,3,1,D3-2:strong-remote,2,4,0,2,0.000101,0.000187,0.000286,0.000387
RG111_high,RG111,high,3,1,D3-2:strong-remote,2,5,0,2,0.004871,0.024274,0.027712,0.032584
RG111_medium,RG111,medium,3,1,D3-2:strong-remote,2,5,0,2,0.002144,0.004776,0.006724,0.008868
RG111_low,RG111,low,3,1,D3-2:strong-remote,2,5,0,2,0.000132,0.000267,0.000392,0.000524
RG112_high,RG112,high,3,1,D3-2:strong-remote,2,6,0,2,0.00447,0.024949,0.026561,0.031031
RG112_medium,RG112,medium,3,1,D3-2:strong-remote,2,6,0,2,0.002151,0.005257,0.007033,0.009184
RG112_low,RG112,low,3,1,D3-2:strong-remote,2,6,0,2,0.000137,0.000297,0.000421,0.000558
RG113_high,RG113,high,3,1,D3-2:strong-remote,2,4,0,2,0.004935,0.017011,0.020868,0.025804
RG113_medium,RG113,medium,3,1,D3-2:strong-remote,2,4,0,2,0.000985,0.002179,0.003054,0.004039
RG113_low,RG113,low,3,1,D3-2:strong-remote,2,4,0,2,5.8e-05,0.000119,0.000171,0.000228
RG114_high,RG114,high,3,1,D3-2:strong-remote,2,5,0,2,0.004571,0.023625,0.025625,0.030197
RG114_medium,RG114,medium,3,1,D3-2:strong-remote,2,5,0,2,0.001611,0.004089,0.005408,0.007019
RG114_low,RG114,low,3,1,D3-2:strong-remote,2,5,0,2,8.6e-05,0.000201,0.000276,0.000361
RG115_high,RG115,high,3,1,D3-2:strong-remote,2,5,1,2,0.003664,0.011006,0.014428,0.018092
RG115_medium,RG115,medium,3,1,D3-2:strong-remote,2,5,1,2,0.000834,0.001249,0.002074,0.002908
RG115_low,RG115,low,3,1,D3-2:strong-remote,2,5,1,2,3.7e-05,5.3e-05,8.8e-05,0.000125
RG116_high,RG116,high,3,1,D3-2:strong-remote,2,4,1,2,0.003558,0.01296,0.016181,0.019738
RG116_medium,RG116,medium,3,1,D3-2:strong-remote,2,4,1,2,0.000972,0.001659,0.002599,0.003571
RG116_low,RG116,low,3,1,D3-2:strong-remote,2,4,1,2,5.2e-05,7.7e-05,0.000127,0.000179
RG117_high,RG117,high,3,1,D3-2:strong-remote,2,4,0,2,0.0051,0.017545,0.021546,0.026646
RG117_medium,RG117,medium,3,1,D3-2:strong-remote,2,4,0,2,0.001207,0.002602,0.003713,0.004921
RG117_low,RG117,low,3,1,D3-2:strong-remote,2,4,0,2,7.4e-05,0.000148,0.000218,0.000292
RG118_high,RG118,high,3,1,D3-2:strong-remote,2,4,1,2,0.002623,0.007034,0.009639,0.012262
RG118_medium,RG118,medium,3,1,D3-2:strong-remote,2,4,1,2,0.000556,0.000815,0.001379,0.001935
RG118_low,RG118,low,3,1,D3-2:strong-remote,2,4,1,2,2.1e-05,3.1e-05,5.1e-05,7.3e-05
RG119_high,RG119,high,3,1,D3-2:strong-remote,2,3,1,2,0.002911,0.010585,0.013237,0.016148
RG119_medium,RG119,medium,3,1,D3-2:strong-remote,2,3,1,2,0.000762,0.001307,0.002049,0.002811
RG119_low,RG119,low,3,1,D3-2:strong-remote,2,3,1,2,3.8e-05,5.5e-05,9.2e-05,0.00013
RG120_high,RG120,high,3,1,D3-2:strong-remote,2,3,0,2,0.004055,0.014336,0.01739,0.021445
RG120_medium,RG120,medium,3,1,D3-2:strong-remote,2,3,0,2,0.00051,0.00126,0.001684,0.002194
RG120_low,RG120,low,3,1,D3-2:strong-remote,2,3,0,2,2.2e-05,5.2e-05,7e-05,9.2e-05
RG121_high,RG121,high,3,1,D3-2:strong-remote,2,4,0,2,0.003976,0.019796,0.021736,0.025712
RG121_medium,RG121,medium,3,1,D3-2:strong-remote,2,4,0,2,0.000766,0.002344,0.002877,0.003643
RG121_low,RG121,low,3,1,D3-2:strong-remote,2,4,0,2,2.7e-05,8.6e-05,0.000104,0.000132
RG122_high,RG122,high,3,1,D3-2:strong-remote,2,4,1,2,0.003074,0.008889,0.011773,0.014846
RG122_medium,RG122,medium,3,1,D3-2:strong-remote,2,4,1,2,0.000272,0.000496,0.000752,0.001025
RG122_low,RG122,low,3,1,D3-2:strong-remote,2,4,1,2,3e-06,9e-06,1.1e-05,1.4e-05
RG123_high,RG123,high,3,1,D3-2:strong-remote,2,3,1,2,0.003391,0.014381,0.017102,0.020493
RG123_medium,RG123,medium,3,1,D3-2:strong-remote,2,3,1,2,0.000604,0.001403,0.001948,0.002553
RG123_low,RG123,low,3,1,D3-2:strong-remote,2,3,1,2,1.4e-05,3.4e-05,4.6e-05,6e-05
RG124_high,RG124,high,3,1,D3-2:strong-remote,2,2,1,2,0.001317,0.000557,0.001675,0.002232
RG124_medium,RG124,medium,3,1,D3-2:strong-remote,2,2,1,2,0.000201,4e-05,0.000247,0.000287
RG124_low,RG124,low,3,1,D3-2:strong-remote,2,2,1,2,4e-06,4e-06,8e-06,1.1e-05
RG125_high,RG125,high,3,1,D3-2:strong-remote,2,4,0,2,0.004697,0.022352,0.024748,0.029444
RG125_medium,RG125,medium,3,1,D3-2:strong-remote,2,4,0,2,0.001343,0.003341,0.004472,0.005815
RG125_low,RG125,low,3,1,D3-2:strong-remote,2,4,0,2,6.5e-05,0.00015,0.000208,0.000273
RG126_high,RG126,high,3,1,D3-2:strong-remote,2,4,1,2,0.004141,0.015614,0.019219,0.023359
RG126_medium,RG126,medium,3,1,D3-2:strong-remote,2,4,1,2,0.000973,0.001923,0.002836,0.003809
RG126_low,RG126,low,3,1,D3-2:strong-remote,2,4,1,2,5.4e-05,9.5e-05,0.000147,0.0002
RG127_high,RG127,high,3,1,D3-2:strong-remote,2,3,0,2,0.004399,0.019373,0.022853,0.027251
RG127_medium,RG127,medium,3,1,D3-2:strong-remote,2,3,0,2,0.001238,0.00278,0.003939,0.005177
RG127_low,RG127,low,3,1,D3-2:strong-remote,2,3,0,2,5.7e-05,0.00012,0.000175,0.000233
RG128_high,RG128,high,3,1,D3-2:strong-remote,2,3,1,2,0.002309,0.007417,0.009662,0.011971
RG128_medium,RG128,medium,3,1,D3-2:strong-remote,2,3,1,2,0.000597,0.000979,0.001582,0.00218
RG128_low,RG128,low,3,1,D3-2:strong-remote,2,3,1,2,3.4e-05,4.9e-05,8.3e-05,0.000117
RG129_high,RG129,high,3,1,D3-1:tree-like-remote,2,2,0,2,0.001583,0.006805,0.008149,0.009732
RG129_medium,RG129,medium,3,1,D3-1:tree-like-remote,2,2,0,2,0.000127,0.00039,0.000491,0.000617
RG129_low,RG129,low,3,1,D3-1:tree-like-remote,2,2,0,2,3e-06,1e-05,1.2e-05,1.5e-05
RG130_high,RG130,high,3,1,D3-2:strong-remote,2,3,0,2,0.003832,0.017416,0.020265,0.024097
RG130_medium,RG130,medium,3,1,D3-2:strong-remote,2,3,0,2,0.00067,0.001853,0.0024,0.00307
RG130_low,RG130,low,3,1,D3-2:strong-remote,2,3,0,2,2.4e-05,6.8e-05,8.7e-05,0.000111
RG131_high,RG131,high,3,1,D3-2:strong-remote,2,4,0,2,0.004451,0.021612,0.023876,0.028327
RG131_medium,RG131,medium,3,1,D3-2:strong-remote,2,4,0,2,0.001195,0.003095,0.004105,0.0053
RG131_low,RG131,low,3,1,D3-2:strong-remote,2,4,0,2,5.6e-05,0.000135,0.000185,0.00024
RG132_high,RG132,high,3,1,D3-2:strong-remote,2,4,1,2,0.001127,0.004975,0.005772,0.006898
RG132_medium,RG132,medium,3,1,D3-2:strong-remote,2,4,1,2,0.000119,0.000293,0.000383,0.000501
RG132_low,RG132,low,3,1,D3-2:strong-remote,2,4,1,2,4e-06,1.2e-05,1.5e-05,1.9e-05
RG133_high,RG133,high,3,1,D3-2:strong-remote,2,3,1,2,0.003039,0.013414,0.01579,0.018829
RG133_medium,RG133,medium,3,1,D3-2:strong-remote,2,3,1,2,0.000498,0.001242,0.00167,0.002168
RG133_low,RG133,low,3,1,D3-2:strong-remote,2,3,1,2,1e-05,2.8e-05,3.6e-05,4.7e-05
RG134_high,RG134,high,3,1,D3-2:strong-remote,2,2,1,2,0.001991,0.00738,0.009139,0.011129
RG134_medium,RG134,medium,3,1,D3-2:strong-remote,2,2,1,2,0.000138,0.00038,0.000484,0.000622
RG134_low,RG134,low,3,1,D3-2:strong-remote,2,2,1,2,1e-06,5e-06,5e-06,6e-06
RG135_high,RG135,high,3,1,D3-2:strong-remote,2,3,0,2,0.004003,0.018312,0.020566,0.024569
RG135_medium,RG135,medium,3,1,D3-2:strong-remote,2,3,0,2,0.000695,0.001965,0.002514,0.003209
RG135_low,RG135,low,3,1,D3-2:strong-remote,2,3,0,2,2.5e-05,6.9e-05,8.9e-05,0.000114
RG136_high,RG136,high,3,1,D3-2:strong-remote,2,3,1,2,0.002709,0.009187,0.011654,0.014363
RG136_medium,RG136,medium,3,1,D3-2:strong-remote,2,3,1,2,0.000332,0.000641,0.000951,0.001283
RG136_low,RG136,low,3,1,D3-2:strong-remote,2,3,1,2,1e-05,1.9e-05,2.8e-05,3.8e-05
RG137_high,RG137,high,3,1,D3-1:tree-like-remote,2,2,0,2,0.003017,0.013097,0.015525,0.018542
RG137_medium,RG137,medium,3,1,D3-1:tree-like-remote,2,2,0,2,0.000431,0.001191,0.001556,0.001987
RG137_low,RG137,low,3,1,D3-1:tree-like-remote,2,2,0,2,1.2e-05,3.5e-05,4.5e-05,5.7e-05
RG138_high,RG138,high,3,1,D3-2:strong-remote,2,2,1,2,0.002422,0.009552,0.011647,0.014069
RG138_medium,RG138,medium,3,1,D3-2:strong-remote,2,2,1,2,0.000259,0.000688,0.000915,0.001174
RG138_low,RG138,low,3,1,D3-2:strong-remote,2,2,1,2,2e-06,9e-06,1e-05,1.3e-05
RG139_high,RG139,high,3,1,D3-1:tree-like-remote,2,2,0,2,0.003588,0.015222,0.017466,0.021054
RG139_medium,RG139,medium,3,1,D3-1:tree-like-remote,2,2,0,2,0.000441,0.001276,0.001626,0.002067
RG139_low,RG139,low,3,1,D3-1:tree-like-remote,2,2,0,2,1.3e-05,3.6e-05,4.6e-05,5.9e-05
RG140_high,RG140,high,3,1,D3-2:strong-remote,2,2,1,2,0.002408,0.013419,0.014534,0.016943
RG140_medium,RG140,medium,3,1,D3-2:strong-remote,2,2,1,2,0.000257,0.001027,0.001202,0.001459
RG140_low,RG140,low,3,1,D3-2:strong-remote,2,2,1,2,8e-06,3e-05,3.7e-05,4.5e-05
RG141_high,RG141,high,3,0,D3-1:tree-like-remote,2,2,0,2,0.003136,0.011071,0.013282,0.016418
RG141_medium,RG141,medium,3,0,D3-1:tree-like-remote,2,2,0,2,0.000275,0.000705,0.000925,0.0012
RG141_low,RG141,low,3,0,D3-1:tree-like-remote,2,2,0,2,1e-05,2.4e-05,3.2e-05,4.3e-05
RG142_high,RG142,high,3,0,D3-2:strong-remote,2,3,0,2,0.003457,0.013024,0.015299,0.018756
RG142_medium,RG142,medium,3,0,D3-2:strong-remote,2,3,0,2,0.000446,0.001137,0.001489,0.001935
RG142_low,RG142,low,3,0,D3-2:strong-remote,2,3,0,2,2.1e-05,5e-05,6.7e-05,8.8e-05
RG143_high,RG143,high,3,0,D3-2:strong-remote,2,4,0,2,0.003468,0.01394,0.016036,0.019503
RG143_medium,RG143,medium,3,0,D3-2:strong-remote,2,4,0,2,0.000488,0.001365,0.0017,0.002188
RG143_low,RG143,low,3,0,D3-2:strong-remote,2,4,0,2,2.3e-05,6.3e-05,7.8e-05,0.000102
RG144_high,RG144,high,3,0,D3-2:strong-remote,2,5,0,2,0.003639,0.015533,0.017548,0.021187
RG144_medium,RG144,medium,3,0,D3-2:strong-remote,2,5,0,2,0.000662,0.001786,0.002251,0.002913
RG144_low,RG144,low,3,0,D3-2:strong-remote,2,5,0,2,3.7e-05,9.5e-05,0.000121,0.000158
RG145_high,RG145,high,3,0,D3-2:strong-remote,2,6,0,2,0.003406,0.015672,0.017354,0.02076
RG145_medium,RG145,medium,3,0,D3-2:strong-remote,2,6,0,2,0.000627,0.001811,0.0022,0.002828
RG145_low,RG145,low,3,0,D3-2:strong-remote,2,6,0,2,3.6e-05,9.9e-05,0.000121,0.000158
RG146_high,RG146,high,3,0,D3-2:strong-remote,2,6,1,2,3e-06,0.000132,0.000129,0.000132
RG146_medium,RG146,medium,3,0,D3-2:strong-remote,2,6,1,2,7.9e-05,0.000521,0.000557,0.000637
RG146_low,RG146,low,3,0,D3-2:strong-remote,2,6,1,2,9e-06,7.4e-05,7.5e-05,8.4e-05
RG147_high,RG147,high,3,0,D3-2:strong-remote,2,5,1,2,0.00284,0.009744,0.012263,0.015103
RG147_medium,RG147,medium,3,0,D3-2:strong-remote,2,5,1,2,0.000301,0.000639,0.000891,0.001192
RG147_low,RG147,low,3,0,D3-2:strong-remote,2,5,1,2,9e-06,2.2e-05,2.8e-05,3.6e-05
RG148_high,RG148,high,3,0,D3-2:strong-remote,2,4,1,2,0.002126,0.007246,0.009139,0.011264
RG148_medium,RG148,medium,3,0,D3-2:strong-remote,2,4,1,2,0.000156,0.000385,0.000507,0.000663
RG148_low,RG148,low,3,0,D3-2:strong-remote,2,4,1,2,3e-06,1.1e-05,1.2e-05,1.5e-05
RG149_high,RG149,high,3,0,D3-2:strong-remote,2,4,0,2,0.003696,0.014791,0.017033,0.020728
RG149_medium,RG149,medium,3,0,D3-2:strong-remote,2,4,0,2,0.000586,0.001493,0.001941,0.002527
RG149_low,RG149,low,3,0,D3-2:strong-remote,2,4,0,2,3.1e-05,7.4e-05,9.9e-05,0.00013
RG150_high,RG150,high,3,0,D3-2:strong-remote,2,4,1,2,0.00212,0.006261,0.008273,0.010393
RG150_medium,RG150,medium,3,0,D3-2:strong-remote,2,4,1,2,0.000326,0.000607,0.000904,0.00123
RG150_low,RG150,low,3,0,D3-2:strong-remote,2,4,1,2,1.9e-05,3.4e-05,5.1e-05,7.1e-05
RG151_high,RG151,high,3,0,D3-2:strong-remote,2,4,0,2,0.003734,0.014955,0.017232,0.020966
RG151_medium,RG151,medium,3,0,D3-2:strong-remote,2,4,0,2,0.000658,0.001667,0.002183,0.002841
RG151_low,RG151,low,3,0,D3-2:strong-remote,2,4,0,2,3.6e-05,8.5e-05,0.000114,0.00015
RG152_high,RG152,high,3,0,D3-2:strong-remote,2,4,1,2,0.001841,0.005767,0.007523,0.009363
RG152_medium,RG152,medium,3,0,D3-2:strong-remote,2,4,1,2,0.000152,0.000374,0.000504,0.000657
RG152_low,RG152,low,3,0,D3-2:strong-remote,2,4,1,2,3e-06,1.3e-05,1.5e-05,1.8e-05
RG153_high,RG153,high,3,0,D3-2:strong-remote,2,3,1,2,0.003062,0.010423,0.013075,0.016137
RG153_medium,RG153,medium,3,0,D3-2:strong-remote,2,3,1,2,0.000376,0.00075,0.001096,0.001472
RG153_low,RG153,low,3,0,D3-2:strong-remote,2,3,1,2,1e-05,2.1e-05,3e-05,4.1e-05
RG154_high,RG154,high,3,0,D3-2:strong-remote,2,2,1,2,0.001911,0.009274,0.010256,0.012167
RG154_medium,RG154,medium,3,0,D3-2:strong-remote,2,2,1,2,0.000135,0.000524,0.00061,0.000746
RG154_low,RG154,low,3,0,D3-2:strong-remote,2,2,1,2,7e-06,2e-05,2.5e-05,3.1e-05
RG155_high,RG155,high,3,0,D3-2:strong-remote,2,3,0,2,0.002389,0.008672,0.010687,0.013076
RG155_medium,RG155,medium,3,0,D3-2:strong-remote,2,3,0,2,0.00035,0.000863,0.00115,0.0015
RG155_low,RG155,low,3,0,D3-2:strong-remote,2,3,0,2,2e-05,4.6e-05,6.2e-05,8.1e-05
RG156_high,RG156,high,3,0,D3-2:strong-remote,2,3,1,2,0.002678,0.009028,0.011391,0.014069
RG156_medium,RG156,medium,3,0,D3-2:strong-remote,2,3,1,2,0.000324,0.000673,0.000966,0.001291
RG156_low,RG156,low,3,0,D3-2:strong-remote,2,3,1,2,8e-06,1.8e-05,2.5e-05,3.4e-05
RG157_high,RG157,high,3,0,D3-1:tree-like-remote,2,2,0,2,0.001825,0.006404,0.007988,0.009813
RG157_medium,RG157,medium,3,0,D3-1:tree-like-remote,2,2,0,2,0.000195,0.00048,0.000642,0.000837
RG157_low,RG157,low,3,0,D3-1:tree-like-remote,2,2,0,2,9e-06,2.1e-05,2.9e-05,3.8e-05
RG158_high,RG158,high,3,0,D3-2:strong-remote,2,2,1,2,0.00211,0.006672,0.0086,0.01071
RG158_medium,RG158,medium,3,0,D3-2:strong-remote,2,2,1,2,0.000134,0.00031,0.000427,0.000561
RG158_low,RG158,low,3,0,D3-2:strong-remote,2,2,1,2,1e-06,4e-06,5e-06,6e-06
RG159_high,RG159,high,2,1,D3-2:strong-remote,3,4,0,2,0.000445,0.009123,0.009259,0.009703
RG159_medium,RG159,medium,2,1,D3-2:strong-remote,3,4,0,2,0.00116,0.00368,0.004738,0.005898
RG159_low,RG159,low,2,1,D3-2:strong-remote,3,4,0,2,8.1e-05,0.000223,0.000299,0.000381
RG160_high,RG160,high,2,1,D3-2:strong-remote,3,4,1,2,0.000443,0.009066,0.009201,0.009644
RG160_medium,RG160,medium,2,1,D3-2:strong-remote,3,4,1,2,0.001143,0.003261,0.004355,0.005498
RG160_low,RG160,low,2,1,D3-2:strong-remote,3,4,1,2,6.9e-05,0.000159,0.000228,0.000296
RG161_high,RG161,high,2,1,D3-2:strong-remote,3,4,2,2,0.000486,0.009257,0.009442,0.009928
RG161_medium,RG161,medium,2,1,D3-2:strong-remote,3,4,2,2,0.00137,0.003304,0.00469,0.00606
RG161_low,RG161,low,2,1,D3-2:strong-remote,3,4,2,2,5.7e-05,0.000114,0.000175,0.000233
RG162_high,RG162,high,2,1,D3-2:strong-remote,3,4,3,2,0.000502,0.009354,0.009543,0.010045
RG162_medium,RG162,medium,2,1,D3-2:strong-remote,3,4,3,2,0.001745,0.003767,0.005541,0.007286
RG162_low,RG162,low,2,1,D3-2:strong-remote,3,4,3,2,8.9e-05,0.000146,0.000241,0.000331
RG163_high,RG163,high,2,1,D3-2:strong-remote,3,4,2,2,0.000451,0.009116,0.009255,0.009706
RG163_medium,RG163,medium,2,1,D3-2:strong-remote,3,4,2,2,0.001349,0.00349,0.004804,0.006153
RG163_low,RG163,low,2,1,D3-2:strong-remote,3,4,2,2,8.5e-05,0.00017,0.000257,0.000342
RG164_high,RG164,high,2,1,D3-2:strong-remote,3,4,1,2,0.001604,0.000581,0.002175,0.002756
RG164_medium,RG164,medium,2,1,D3-2:strong-remote,3,4,1,2,0.000479,0.000296,0.000767,0.001063
RG164_low,RG164,low,2,1,D3-2:strong-remote,3,4,1,2,3.4e-05,2.2e-05,5.5e-05,7.7e-05
RG165_high,RG165,high,2,1,D3-1:tree-like-remote,3,3,0,2,0.000431,0.008303,0.008479,0.00891
RG165_medium,RG165,medium,2,1,D3-1:tree-like-remote,3,3,0,2,0.000554,0.002231,0.002696,0.00325
RG165_low,RG165,low,2,1,D3-1:tree-like-remote,3,3,0,2,2.4e-05,9.9e-05,0.000118,0.000143
RG166_high,RG166,high,2,1,D3-2:strong-remote,3,3,1,2,0.00137,0.000349,0.001666,0.002015
RG166_medium,RG166,medium,2,1,D3-2:strong-remote,3,3,1,2,0.000164,7.5e-05,0.000238,0.000313
RG166_low,RG166,low,2,1,D3-2:strong-remote,3,3,1,2,6e-06,5e-06,1.1e-05,1.6e-05
RG167_high,RG167,high,2,1,D3-2:strong-remote,3,3,2,2,0.001478,0.000604,0.002073,0.002677
RG167_medium,RG167,medium,2,1,D3-2:strong-remote,3,3,2,2,0.000256,9.2e-05,0.000346,0.000439
RG167_low,RG167,low,2,1,D3-2:strong-remote,3,3,2,2,7e-06,2e-06,1e-05,1.2e-05
RG168_high,RG168,high,2,1,D3-2:strong-remote,3,3,3,2,0.000246,0.006482,0.006535,0.006781
RG168_medium,RG168,medium,2,1,D3-2:strong-remote,3,3,3,2,0.000558,0.001539,0.002095,0.002654
RG168_low,RG168,low,2,1,D3-2:strong-remote,3,3,3,2,1.5e-05,3.1e-05,4.7e-05,6.1e-05
RG169_high,RG169,high,2,1,D3-2:strong-remote,3,3,1,2,0.001287,0.000513,0.001798,0.002311
RG169_medium,RG169,medium,2,1,D3-2:strong-remote,3,3,1,2,0.000175,6.3e-05,0.000237,0.0003
RG169_low,RG169,low,2,1,D3-2:strong-remote,3,3,1,2,5e-06,2e-06,7e-06,1e-05
RG170_high,RG170,high,2,1,D3-2:strong-remote,3,3,2,2,0.000215,0.006305,0.006316,0.006531
RG170_medium,RG170,medium,2,1,D3-2:strong-remote,3,3,2,2,0.000419,0.001429,0.00179,0.00221
RG170_low,RG170,low,2,1,D3-2:strong-remote,3,3,2,2,1.2e-05,4e-05,5e-05,6.3e-05
RG171_high,RG171,high,2,0,D3-1:tree-like-remote,3,3,0,2,0.000602,0.000911,0.001488,0.00209
RG171_medium,RG171,medium,2,0,D3-1:tree-like-remote,3,3,0,2,6.5e-05,1.1e-05,7.9e-05,9e-05
RG171_low,RG171,low,2,0,D3-1:tree-like-remote,3,3,0,2,5e-06,4e-06,9e-06,1.3e-05
RG172_high,RG172,high,2,0,D3-2:strong-remote,3,4,0,2,0.00163,0.004303,0.005781,0.007412
RG172_medium,RG172,medium,2,0,D3-2:strong-remote,3,4,0,2,0.000349,0.000817,0.00111,0.001459
RG172_low,RG172,low,2,0,D3-2:strong-remote,3,4,0,2,1.7e-05,3.8e-05,5.2e-05,6.9e-05
RG173_high,RG173,high,2,0,D3-2:strong-remote,3,5,0,2,0.002366,0.001992,0.004236,0.006228
RG173_medium,RG173,medium,2,0,D3-2:strong-remote,3,5,0,2,0.00026,0.000268,0.000483,0.000743
RG173_low,RG173,low,2,0,D3-2:strong-remote,3,5,0,2,1.5e-05,1.5e-05,2.8e-05,4.3e-05
RG174_high,RG174,high,2,0,D3-2:strong-remote,3,6,0,2,0.000572,0.000638,0.000994,0.001565
RG174_medium,RG174,medium,2,0,D3-2:strong-remote,3,6,0,2,4.2e-05,9e-06,5.4e-05,6.3e-05
RG174_low,RG174,low,2,0,D3-2:strong-remote,3,6,0,2,0.0,1e-06,1e-06,1e-06
RG175_high,RG175,high,2,0,D3-2:strong-remote,3,6,1,2,0.000615,0.000663,0.001037,0.001653
RG175_medium,RG175,medium,2,0,D3-2:strong-remote,3,6,1,2,5.7e-05,1.3e-05,7.2e-05,8.5e-05
RG175_low,RG175,low,2,0,D3-2:strong-remote,3,6,1,2,0.0,1e-06,1e-06,1e-06
RG176_high,RG176,high,2,0,D3-2:strong-remote,3,6,2,2,0.000303,0.0008,0.000972,0.001274
RG176_medium,RG176,medium,2,0,D3-2:strong-remote,3,6,2,2,5e-05,1.6e-05,6.5e-05,8.2e-05
RG176_low,RG176,low,2,0,D3-2:strong-remote,3,6,2,2,0.0,1e-06,1e-06,1e-06
RG177_high,RG177,high,2,0,D3-2:strong-remote,3,5,1,2,0.001041,0.000585,0.001609,0.002195
RG177_medium,RG177,medium,2,0,D3-2:strong-remote,3,5,1,2,0.000165,0.000133,0.000285,0.000417
RG177_low,RG177,low,2,0,D3-2:strong-remote,3,5,1,2,7e-06,8e-06,1.4e-05,2.1e-05
RG178_high,RG178,high,2,0,D3-2:strong-remote,3,5,2,2,0.001184,0.000657,0.00182,0.002477
RG178_medium,RG178,medium,2,0,D3-2:strong-remote,3,5,2,2,0.000186,0.000146,0.000322,0.000468
RG178_low,RG178,low,2,0,D3-2:strong-remote,3,5,2,2,5e-06,8e-06,1.2e-05,1.7e-05
RG179_high,RG179,high,2,0,D3-2:strong-remote,3,5,1,2,0.002074,0.00075,0.002794,0.003544
RG179_medium,RG179,medium,2,0,D3-2:strong-remote,3,5,1,2,0.000226,0.000231,0.000436,0.000663
RG179_low,RG179,low,2,0,D3-2:strong-remote,3,5,1,2,7e-06,1.1e-05,1.7e-05,2.4e-05
RG180_high,RG180,high,2,0,D3-2:strong-remote,3,5,2,2,0.000219,0.005946,0.005979,0.006198
RG180_medium,RG180,medium,2,0,D3-2:strong-remote,3,5,2,2,0.000374,0.00125,0.001586,0.00196
RG180_low,RG180,low,2,0,D3-2:strong-remote,3,5,2,2,2.9e-05,7.7e-05,0.000104,0.000133
RG181_high,RG181,high,2,0,D3-2:strong-remote,3,4,1,2,0.001731,0.000988,0.002693,0.003681
RG181_medium,RG181,medium,2,0,D3-2:strong-remote,3,4,1,2,0.000357,0.000237,0.000583,0.000819
RG181_low,RG181,low,2,0,D3-2:strong-remote,3,4,1,2,1.8e-05,1.1e-05,2.9e-05,4e-05
RG182_high,RG182,high,2,0,D3-2:strong-remote,3,4,2,2,0.000252,0.00605,0.006119,0.006371
RG182_medium,RG182,medium,2,0,D3-2:strong-remote,3,4,2,2,0.00034,0.001114,0.001433,0.001774
RG182_low,RG182,low,2,0,D3-2:strong-remote,3,4,2,2,1e-05,3.3e-05,4.2e-05,5.2e-05
RG183_high,RG183,high,2,0,D3-2:strong-remote,3,4,2,2,0.001993,0.001131,0.00309,0.004221
RG183_medium,RG183,medium,2,0,D3-2:strong-remote,3,4,2,2,0.000477,0.0003,0.000772,0.001072
RG183_low,RG183,low,2,0,D3-2:strong-remote,3,4,2,2,2.3e-05,1.3e-05,3.6e-05,4.9e-05
RG184_high,RG184,high,2,0,D3-2:strong-remote,3,4,1,2,0.001653,0.004388,0.005895,0.007547
RG184_medium,RG184,medium,2,0,D3-2:strong-remote,3,4,1,2,0.000389,0.000874,0.001219,0.001608
RG184_low,RG184,low,2,0,D3-2:strong-remote,3,4,1,2,1.7e-05,3.8e-05,5.2e-05,6.9e-05
RG185_high,RG185,high,2,0,D3-2:strong-remote,3,3,1,2,0.001982,0.002922,0.004804,0.006786
RG185_medium,RG185,medium,2,0,D3-2:strong-remote,3,3,1,2,0.000115,0.000186,0.000287,0.000402
RG185_low,RG185,low,2,0,D3-2:strong-remote,3,3,1,2,5e-06,6e-06,1.1e-05,1.6e-05
RG186_high,RG186,high,2,0,D3-2:strong-remote,3,3,2,2,0.000856,0.000969,0.001751,0.002607
RG186_medium,RG186,medium,2,0,D3-2:strong-remote,3,3,2,2,0.000107,2.8e-05,0.000134,0.000162
RG186_low,RG186,low,2,0,D3-2:strong-remote,3,3,2,2,5e-06,4e-06,9e-06,1.4e-05
RG187_high,RG187,high,2,0,D3-2:strong-remote,3,4,0,2,0.001842,0.000593,0.002416,0.00301
RG187_medium,RG187,medium,2,0,D3-2:strong-remote,3,4,0,2,0.000218,0.00017,0.000379,0.000549
RG187_low,RG187,low,2,0,D3-2:strong-remote,3,4,0,2,9e-06,9e-06,1.7e-05,2.6e-05
RG188_high,RG188,high,2,0,D3-2:strong-remote,3,4,1,2,0.001298,0.000342,0.001609,0.001951
RG188_medium,RG188,medium,2,0,D3-2:strong-remote,3,4,1,2,0.000145,6.3e-05,0.000208,0.000271
RG188_low,RG188,low,2,0,D3-2:strong-remote,3,4,1,2,6e-06,4e-06,9e-06,1.3e-05
RG189_high,RG189,high,2,0,D3-2:strong-remote,3,4,2,2,0.001694,0.000522,0.002191,0.002713
RG189_medium,RG189,medium,2,0,D3-2:strong-remote,3,4,2,2,0.000191,0.000144,0.00033,0.000473
RG189_low,RG189,low,2,0,D3-2:strong-remote,3,4,2,2,7e-06,6e-06,1.3e-05,1.9e-05
RG190_high,RG190,high,2,0,D3-2:strong-remote,3,4,3,2,0.000551,0.007686,0.008066,0.008617
RG190_medium,RG190,medium,2,0,D3-2:strong-remote,3,4,3,2,0.00072,0.00144,0.002216,0.002936
RG190_low,RG190,low,2,0,D3-2:strong-remote,3,4,3,2,2.2e-05,4e-05,6.3e-05,8.5e-05
RG191_high,RG191,high,2,0,D3-2:strong-remote,3,4,2,2,0.001518,0.000402,0.001865,0.002267
RG191_medium,RG191,medium,2,0,D3-2:strong-remote,3,4,2,2,0.000198,8.2e-05,0.000279,0.000361
RG191_low,RG191,low,2,0,D3-2:strong-remote,3,4,2,2,1.1e-05,6e-06,1.7e-05,2.3e-05
RG192_high,RG192,high,2,0,D3-2:strong-remote,3,4,1,2,0.000992,0.002681,0.003505,0.004496
RG192_medium,RG192,medium,2,0,D3-2:strong-remote,3,4,1,2,0.000149,0.000248,0.000384,0.000534
RG192_low,RG192,low,2,0,D3-2:strong-remote,3,4,1,2,6e-06,8e-06,1.4e-05,2.1e-05
RG193_high,RG193,high,2,0,D3-1:tree-like-remote,3,3,0,2,0.003206,0.00318,0.006195,0.009375
RG193_medium,RG193,medium,2,0,D3-1:tree-like-remote,3,3,0,2,0.000205,0.000232,0.000418,0.000623
RG193_low,RG193,low,2,0,D3-1:tree-like-remote,3,3,0,2,8e-06,8e-06,1.5e-05,2.3e-05
RG194_high,RG194,high,2,0,D3-2:strong-remote,3,3,1,2,0.001644,0.000657,0.002286,0.002942
RG194_medium,RG194,medium,2,0,D3-2:strong-remote,3,3,1,2,0.000187,0.000143,0.000324,0.000467
RG194_low,RG194,low,2,0,D3-2:strong-remote,3,3,1,2,7e-06,7e-06,1.3e-05,2e-05
RG195_high,RG195,high,2,0,D3-2:strong-remote,3,3,2,2,0.001621,0.004009,0.005508,0.007128
RG195_medium,RG195,medium,2,0,D3-2:strong-remote,3,3,2,2,0.00035,0.000697,0.001028,0.001378
RG195_low,RG195,low,2,0,D3-2:strong-remote,3,3,2,2,8e-06,2e-05,2.7e-05,3.5e-05
RG196_high,RG196,high,2,0,D3-2:strong-remote,3,3,3,2,0.000287,0.005485,0.005667,0.005954
RG196_medium,RG196,medium,2,0,D3-2:strong-remote,3,3,3,2,0.000288,0.000708,0.001021,0.001309
RG196_low,RG196,low,2,0,D3-2:strong-remote,3,3,3,2,5e-06,1.2e-05,1.8e-05,2.3e-05
RG197_high,RG197,high,2,0,D3-2:strong-remote,3,3,1,2,0.003362,0.003281,0.006428,0.009708
RG197_medium,RG197,medium,2,0,D3-2:strong-remote,3,3,1,2,0.000183,0.000212,0.000374,0.000557
RG197_low,RG197,low,2,0,D3-2:strong-remote,3,3,1,2,5e-06,6e-06,1.1e-05,1.5e-05
RG198_high,RG198,high,2,0,D3-2:strong-remote,3,3,2,2,0.000857,0.001781,0.002552,0.003409
RG198_medium,RG198,medium,2,0,D3-2:strong-remote,3,3,2,2,0.000112,0.000142,0.000249,0.000361
RG198_low,RG198,low,2,0,D3-2:strong-remote,3,3,2,2,2e-06,2e-06,3e-06,5e-06
RG199_high,RG199,high,2,0,D3-1:tree-like-remote,2,2,0,3,0.00158,0.000551,0.002146,0.002697
RG199_medium,RG199,medium,2,0,D3-1:tree-like-remote,2,2,0,3,0.000146,7e-05,0.000214,0.000284
RG199_low,RG199,low,2,0,D3-1:tree-like-remote,2,2,0,3,6e-06,2e-06,8e-06,1e-05
RG200_high,RG200,high,2,0,D3-1:tree-like-remote,2,2,0,3,0.001785,0.000644,0.002437,0.003081
RG200_medium,RG200,medium,2,0,D3-1:tree-like-remote,2,2,0,3,0.000208,0.000102,0.000309,0.000412
RG200_low,RG200,low,2,0,D3-1:tree-like-remote,2,2,0,3,1.1e-05,4e-06,1.5e-05,1.9e-05
