list_id,order_index,trial_id,phase,trial_mode,graph_id,pair_id,pair_role,n_nodes,edge_count,density,nodes_json,edges_json,degree_sequence_json,observed_node,target_node,target_in_task,observed_target_distance,evidence_name,evidence_probs_json,informativeness_score,model_M0_json,model_rho_0_5_json,model_exact_json,model_BP_json,phase1_local_signature_json,phase1_delta_p_target_R_json,phase2_gaps_json,phase2_min_degree_order_json,phase2_min_fill_order_json
,,phase1_n8_pair_1::low::high,phase1,forced_target_report,phase1_n8_142,phase1_n8_pair_1,low,8,19,0.678571,"[""A"", ""B"", ""C"", ""D"", ""E"", ""F"", ""G"", ""H""]","[[""A"", ""B""], [""A"", ""F""], [""A"", ""G""], [""A"", ""H""], [""B"", ""C""], [""B"", ""D""], [""B"", ""E""], [""B"", ""G""], [""C"", ""D""], [""C"", ""F""], [""C"", ""G""], [""C"", ""H""], [""D"", ""E""], [""D"", ""F""], [""E"", ""F""], [""E"", ""G""], [""E"", ""H""], [""F"", ""G""], [""F"", ""H""]]","[6, 5, 5, 5, 5, 4, 4, 4]",A,D,1,2,high,"[0.9, 0.05, 0.05]",4.452478,"[0.333333, 0.333333, 0.333333]","[0.190267, 0.404867, 0.404867]","[0.050938, 0.474531, 0.474531]","[0.881397, 0.059302, 0.059302]","{""n_nodes"": 8, ""observed_target_distance"": 2, ""target_degree"": 4, ""neighbor_internal_degrees"": [2, 2, 2, 2]}","{""high"": 0.847848, ""medium"": 0.398987, ""low"": 0.099747}",null,null,null
,,phase1_n8_pair_1::low::medium,phase1,forced_target_report,phase1_n8_142,phase1_n8_pair_1,low,8,19,0.678571,"[""A"", ""B"", ""C"", ""D"", ""E"", ""F"", ""G"", ""H""]","[[""A"", ""B""], [""A"", ""F""], [""A"", ""G""], [""A"", ""H""], [""B"", ""C""], [""B"", ""D""], [""B"", ""E""], [""B"", ""G""], [""C"", ""D""], [""C"", ""F""], [""C"", ""G""], [""C"", ""H""], [""D"", ""E""], [""D"", ""F""], [""E"", ""F""], [""E"", ""G""], [""E"", ""H""], [""F"", ""G""], [""F"", ""H""]]","[6, 5, 5, 5, 5, 4, 4, 4]",A,D,1,2,medium,"[0.6, 0.2, 0.2]",2.89163,"[0.333333, 0.333333, 0.333333]","[0.266008, 0.366996, 0.366996]","[0.200442, 0.399779, 0.399779]","[0.881385, 0.059307, 0.059307]","{""n_nodes"": 8, ""observed_target_distance"": 2, ""target_degree"": 4, ""neighbor_internal_degrees"": [2, 2, 2, 2]}","{""high"": 0.847848, ""medium"": 0.398987, ""low"": 0.099747}",null,null,null
,,phase1_n8_pair_1::low::low,phase1,forced_target_report,phase1_n8_142,phase1_n8_pair_1,low,8,19,0.678571,"[""A"", ""B"", ""C"", ""D"", ""E"", ""F"", ""G"", ""H""]","[[""A"", ""B""], [""A"", ""F""], [""A"", ""G""], [""A"", ""H""], [""B"", ""C""], [""B"", ""D""], [""B"", ""E""], [""B"", ""G""], [""C"", ""D""], [""C"", ""F""], [""C"", ""G""], [""C"", ""H""], [""D"", ""E""], [""D"", ""F""], [""E"", ""F""], [""E"", ""G""], [""E"", ""H""], [""F"", ""G""], [""F"", ""H""]]","[6, 5, 5, 5, 5, 4, 4, 4]",A,D,1,2,low,"[0.4, 0.3, 0.3]",2.355866,"[0.333333, 0.333333, 0.333333]","[0.316502, 0.341749, 0.341749]","[0.30011, 0.349945, 0.349945]","[0.881351, 0.059325, 0.059325]","{""n_nodes"": 8, ""observed_target_distance"": 2, ""target_degree"": 4, ""neighbor_internal_degrees"": [2, 2, 2, 2]}","{""high"": 0.847848, ""medium"": 0.398987, ""low"": 0.099747}",null,null,null
,,phase1_n8_pair_1::high::high,phase1,forced_target_report,phase1_n8_381,phase1_n8_pair_1,high,8,19,0.678571,"[""A"", ""B"", ""C"", ""D"", ""E"", ""F"", ""G"", ""H""]","[[""A"", ""B""], [""A"", ""C""], [""A"", ""D""], [""A"", ""E""], [""A"", ""F""], [""A"", ""H""], [""B"", ""C""], [""B"", ""G""], [""B"", ""H""], [""C"", ""D""], [""C"", ""E""], [""C"", ""F""], [""C"", ""G""], [""D"", ""G""], [""D"", ""H""], [""E"", ""G""], [""F"", ""G""], [""F"", ""H""], [""G"", ""H""]]","[6, 6, 6, 5, 4, 4, 4, 3]",D,F,1,2,high,"[0.9, 0.05, 0.05]",5.364295,"[0.333333, 0.333333, 0.333333]","[0.859093, 0.070453, 0.070453]","[0.898786, 0.050607, 0.050607]","[0.468849, 0.531148, 3e-06]","{""n_nodes"": 8, ""observed_target_distance"": 2, ""target_degree"": 4, ""neighbor_internal_degrees"": [2, 2, 2, 2]}","{""high"": 0.847848, ""medium"": 0.398987, ""low"": 0.099747}",null,null,null
,,phase1_n8_pair_1::high::medium,phase1,forced_target_report,phase1_n8_381,phase1_n8_pair_1,high,8,19,0.678571,"[""A"", ""B"", ""C"", ""D"", ""E"", ""F"", ""G"", ""H""]","[[""A"", ""B""], [""A"", ""C""], [""A"", ""D""], [""A"", ""E""], [""A"", ""F""], [""A"", ""H""], [""B"", ""C""], [""B"", ""G""], [""B"", ""H""], [""C"", ""D""], [""C"", ""E""], [""C"", ""F""], [""C"", ""G""], [""D"", ""G""], [""D"", ""H""], [""E"", ""G""], [""F"", ""G""], [""F"", ""H""], [""G"", ""H""]]","[6, 6, 6, 5, 4, 4, 4, 3]",D,F,1,2,medium,"[0.6, 0.2, 0.2]",1.491216,"[0.333333, 0.333333, 0.333333]","[0.58075, 0.209625, 0.209625]","[0.599429, 0.200286, 0.200286]","[0.881461, 0.05927, 0.05927]","{""n_nodes"": 8, ""observed_target_distance"": 2, ""target_degree"": 4, ""neighbor_internal_degrees"": [2, 2, 2, 2]}","{""high"": 0.847848, ""medium"": 0.398987, ""low"": 0.099747}",null,null,null
,,phase1_n8_pair_1::high::low,phase1,forced_target_report,phase1_n8_381,phase1_n8_pair_1,high,8,19,0.678571,"[""A"", ""B"", ""C"", ""D"", ""E"", ""F"", ""G"", ""H""]","[[""A"", ""B""], [""A"", ""C""], [""A"", ""D""], [""A"", ""E""], [""A"", ""F""], [""A"", ""H""], [""B"", ""C""], [""B"", ""G""], [""B"", ""H""], [""C"", ""D""], [""C"", ""E""], [""C"", ""F""], [""C"", ""G""], [""D"", ""G""], [""D"", ""H""], [""E"", ""G""], [""F"", ""G""], [""F"", ""H""], [""G"", ""H""]]","[6, 6, 6, 5, 4, 4, 4, 3]",D,F,1,2,low,"[0.4, 0.3, 0.3]",1.929352,"[0.333333, 0.333333, 0.333333]","[0.395187, 0.302406, 0.302406]","[0.399857, 0.300071, 0.300071]","[0.881412, 0.059294, 0.059294]","{""n_nodes"": 8, ""observed_target_distance"": 2, ""target_degree"": 4, ""neighbor_internal_degrees"": [2, 2, 2, 2]}","{""high"": 0.847848, ""medium"": 0.398987, ""low"": 0.099747}",null,null,null
,,phase1_n8_pair_2::low::high,phase1,forced_target_report,phase1_n8_062,phase1_n8_pair_2,low,8,16,0.571429,"[""A"", ""B"", ""C"", ""D"", ""E"", ""F"", ""G"", ""H""]","[[""A"", ""B""], [""A"", ""E""], [""A"", ""F""], [""A"", ""H""], [""B"", ""C""], [""B"", ""D""], [""B"", ""F""], [""B"", ""G""], [""C"", ""D""], [""C"", ""G""], [""D"", ""F""], [""D"", ""H""], [""E"", ""G""], [""E"", ""H""], [""F"", ""G""], [""G"", ""H""]]","[5, 5, 4, 4, 4, 4, 3, 3]",C,A,1,2,high,"[0.9, 0.05, 0.05]",4.268778,"[0.333333, 0.333333, 0.333333]","[0.190257, 0.404871, 0.404871]","[0.051849, 0.474075, 0.474075]","[0.870105, 0.064948, 0.064948]","{""n_nodes"": 8, ""observed_target_distance"": 2, ""target_degree"": 4, ""neighbor_internal_degrees"": [1, 1, 1, 1]}","{""high"": 0.845285, ""medium"": 0.397781, ""low"": 0.099445}",null,null,null
,,phase1_n8_pair_2::low::medium,phase1,forced_target_report,phase1_n8_062,phase1_n8_pair_2,low,8,16,0.571429,"[""A"", ""B"", ""C"", ""D"", ""E"", ""F"", ""G"", ""H""]","[[""A"", ""B""], [""A"", ""E""], [""A"", ""F""], [""A"", ""H""], [""B"", ""C""], [""B"", ""D""], [""B"", ""F""], [""B"", ""G""], [""C"", ""D""], [""C"", ""G""], [""D"", ""F""], [""D"", ""H""], [""E"", ""G""], [""E"", ""H""], [""F"", ""G""], [""G"", ""H""]]","[5, 5, 4, 4, 4, 4, 3, 3]",C,A,1,2,medium,"[0.6, 0.2, 0.2]",2.798542,"[0.333333, 0.333333, 0.333333]","[0.266003, 0.366998, 0.366998]","[0.20087, 0.399565, 0.399565]","[0.874419, 0.062791, 0.062791]","{""n_nodes"": 8, ""observed_target_distance"": 2, ""target_degree"": 4, ""neighbor_internal_degrees"": [1, 1, 1, 1]}","{""high"": 0.845285, ""medium"": 0.397781, ""low"": 0.099445}",null,null,null
,,phase1_n8_pair_2::low::low,phase1,forced_target_report,phase1_n8_062,phase1_n8_pair_2,low,8,16,0.571429,"[""A"", ""B"", ""C"", ""D"", ""E"", ""F"", ""G"", ""H""]","[[""A"", ""B""], [""A"", ""E""], [""A"", ""F""], [""A"", ""H""], [""B"", ""C""], [""B"", ""D""], [""B"", ""F""], [""B"", ""G""], [""C"", ""D""], [""C"", ""G""], [""D"", ""F""], [""D"", ""H""], [""E"", ""G""], [""E"", ""H""], [""F"", ""G""], [""G"", ""H""]]","[5, 5, 4, 4, 4, 4, 3, 3]",C,A,1,2,low,"[0.4, 0.3, 0.3]",2.274898,"[0.333333, 0.333333, 0.333333]","[0.316501, 0.34175, 0.34175]","[0.300218, 0.349891, 0.349891]","[0.874617, 0.062691, 0.062691]","{""n_nodes"": 8, ""observed_target_distance"": 2, ""target_degree"": 4, ""neighbor_internal_degrees"": [1, 1, 1, 1]}","{""high"": 0.845285, ""medium"": 0.397781, ""low"": 0.099445}",null,null,null
,,phase1_n8_pair_2::high::high,phase1,forced_target_report,phase1_n8_225,phase1_n8_pair_2,high,8,17,0.607143,"[""A"", ""B"", ""C"", ""D"", ""E"", ""F"", ""G"", ""H""]","[[""A"", ""B""], [""A"", ""C""], [""A"", ""D""], [""A"", ""E""], [""A"", ""F""], [""B"", ""C""], [""B"", ""D""], [""B"", ""G""], [""C"", ""F""], [""C"", ""G""], [""C"", ""H""], [""D"", ""E""], [""D"", ""H""], [""E"", ""G""], [""E"", ""H""], [""F"", ""G""], [""F"", ""H""]]","[5, 5, 4, 4, 4, 4, 4, 4]",A,H,1,2,high,"[0.9, 0.05, 0.05]",2.141045,"[0.333333, 0.333333, 0.333333]","[0.829867, 0.085067, 0.085067]","[0.897134, 0.051433, 0.051433]","[0.881016, 0.059492, 0.059492]","{""n_nodes"": 8, ""observed_target_distance"": 2, ""target_degree"": 4, ""neighbor_internal_degrees"": [1, 1, 1, 1]}","{""high"": 0.845285, ""medium"": 0.397781, ""low"": 0.099445}",null,null,null
,,phase1_n8_pair_2::high::medium,phase1,forced_target_report,phase1_n8_225,phase1_n8_pair_2,high,8,17,0.607143,"[""A"", ""B"", ""C"", ""D"", ""E"", ""F"", ""G"", ""H""]","[[""A"", ""B""], [""A"", ""C""], [""A"", ""D""], [""A"", ""E""], [""A"", ""F""], [""B"", ""C""], [""B"", ""D""], [""B"", ""G""], [""C"", ""F""], [""C"", ""G""], [""C"", ""H""], [""D"", ""E""], [""D"", ""H""], [""E"", ""G""], [""E"", ""H""], [""F"", ""G""], [""F"", ""H""]]","[5, 5, 4, 4, 4, 4, 4, 4]",A,H,1,2,medium,"[0.6, 0.2, 0.2]",1.490177,"[0.333333, 0.333333, 0.333333]","[0.566996, 0.216502, 0.216502]","[0.598651, 0.200674, 0.200674]","[0.880347, 0.059826, 0.059826]","{""n_nodes"": 8, ""observed_target_distance"": 2, ""target_degree"": 4, ""neighbor_internal_degrees"": [1, 1, 1, 1]}","{""high"": 0.845285, ""medium"": 0.397781, ""low"": 0.099445}",null,null,null
,,phase1_n8_pair_2::high::low,phase1,forced_target_report,phase1_n8_225,phase1_n8_pair_2,high,8,17,0.607143,"[""A"", ""B"", ""C"", ""D"", ""E"", ""F"", ""G"", ""H""]","[[""A"", ""B""], [""A"", ""C""], [""A"", ""D""], [""A"", ""E""], [""A"", ""F""], [""B"", ""C""], [""B"", ""D""], [""B"", ""G""], [""C"", ""F""], [""C"", ""G""], [""C"", ""H""], [""D"", ""E""], [""D"", ""H""], [""E"", ""G""], [""E"", ""H""], [""F"", ""G""], [""F"", ""H""]]","[5, 5, 4, 4, 4, 4, 4, 4]",A,H,1,2,low,"[0.4, 0.3, 0.3]",1.914129,"[0.333333, 0.333333, 0.333333]","[0.391749, 0.304125, 0.304125]","[0.399663, 0.300169, 0.300169]","[0.879359, 0.060321, 0.060321]","{""n_nodes"": 8, ""observed_target_distance"": 2, ""target_degree"": 4, ""neighbor_internal_degrees"": [1, 1, 1, 1]}","{""high"": 0.845285, ""medium"": 0.397781, ""low"": 0.099445}",null,null,null
,,phase1_n8_pair_3::low::high,phase1,forced_target_report,phase1_n8_266,phase1_n8_pair_3,low,8,16,0.571429,"[""A"", ""B"", ""C"", ""D"", ""E"", ""F"", ""G"", ""H""]","[[""A"", ""B""], [""A"", ""E""], [""A"", ""F""], [""B"", ""C""], [""B"", ""D""], [""B"", ""H""], [""C"", ""D""], [""C"", ""F""], [""D"", ""E""], [""D"", ""F""], [""D"", ""G""], [""D"", ""H""], [""E"", ""G""], [""E"", ""H""], [""F"", ""G""], [""F"", ""H""]]","[6, 5, 4, 4, 4, 3, 3, 3]",C,E,1,2,high,"[0.9, 0.05, 0.05]",3.657012,"[0.333333, 0.333333, 0.333333]","[0.192235, 0.403883, 0.403883]","[0.051931, 0.474035, 0.474035]","[0.12702, 0.866751, 0.006229]","{""n_nodes"": 8, ""observed_target_distance"": 2, ""target_degree"": 4, ""neighbor_internal_degrees"": [0, 1, 1, 2]}","{""high"": 0.838089, ""medium"": 0.394395, ""low"": 0.098599}",null,null,null
,,phase1_n8_pair_3::low::medium,phase1,forced_target_report,phase1_n8_266,phase1_n8_pair_3,low,8,16,0.571429,"[""A"", ""B"", ""C"", ""D"", ""E"", ""F"", ""G"", ""H""]","[[""A"", ""B""], [""A"", ""E""], [""A"", ""F""], [""B"", ""C""], [""B"", ""D""], [""B"", ""H""], [""C"", ""D""], [""C"", ""F""], [""D"", ""E""], [""D"", ""F""], [""D"", ""G""], [""D"", ""H""], [""E"", ""G""], [""E"", ""H""], [""F"", ""G""], [""F"", ""H""]]","[6, 5, 4, 4, 4, 3, 3, 3]",C,E,1,2,medium,"[0.6, 0.2, 0.2]",2.806932,"[0.333333, 0.333333, 0.333333]","[0.266934, 0.366533, 0.366533]","[0.200908, 0.399546, 0.399546]","[0.875309, 0.062346, 0.062346]","{""n_nodes"": 8, ""observed_target_distance"": 2, ""target_degree"": 4, ""neighbor_internal_degrees"": [0, 1, 1, 2]}","{""high"": 0.838089, ""medium"": 0.394395, ""low"": 0.098599}",null,null,null
,,phase1_n8_pair_3::low::low,phase1,forced_target_report,phase1_n8_266,phase1_n8_pair_3,low,8,16,0.571429,"[""A"", ""B"", ""C"", ""D"", ""E"", ""F"", ""G"", ""H""]","[[""A"", ""B""], [""A"", ""E""], [""A"", ""F""], [""B"", ""C""], [""B"", ""D""], [""B"", ""H""], [""C"", ""D""], [""C"", ""F""], [""D"", ""E""], [""D"", ""F""], [""D"", ""G""], [""D"", ""H""], [""E"", ""G""], [""E"", ""H""], [""F"", ""G""], [""F"", ""H""]]","[6, 5, 4, 4, 4, 3, 3, 3]",C,E,1,2,low,"[0.4, 0.3, 0.3]",2.285104,"[0.333333, 0.333333, 0.333333]","[0.316734, 0.341633, 0.341633]","[0.300227, 0.349886, 0.349886]","[0.875542, 0.062229, 0.062229]","{""n_nodes"": 8, ""observed_target_distance"": 2, ""target_degree"": 4, ""neighbor_internal_degrees"": [0, 1, 1, 2]}","{""high"": 0.838089, ""medium"": 0.394395, ""low"": 0.098599}",null,null,null
,,phase1_n8_pair_3::high::high,phase1,forced_target_report,phase1_n8_340,phase1_n8_pair_3,high,8,15,0.535714,"[""A"", ""B"", ""C"", ""D"", ""E"", ""F"", ""G"", ""H""]","[[""A"", ""B""], [""A"", ""C""], [""A"", ""E""], [""A"", ""G""], [""A"", ""H""], [""B"", ""D""], [""B"", ""E""], [""B"", ""F""], [""B"", ""G""], [""C"", ""E""], [""C"", ""G""], [""D"", ""E""], [""D"", ""H""], [""E"", ""H""], [""F"", ""H""]]","[5, 5, 5, 4, 3, 3, 3, 2]",B,H,1,2,high,"[0.9, 0.05, 0.05]",3.25504,"[0.333333, 0.333333, 0.333333]","[0.819553, 0.090224, 0.090224]","[0.89002, 0.05499, 0.05499]","[0.56037, 0.437199, 0.002431]","{""n_nodes"": 8, ""observed_target_distance"": 2, ""target_degree"": 4, ""neighbor_internal_degrees"": [0, 1, 1, 2]}","{""high"": 0.838089, ""medium"": 0.394395, ""low"": 0.098599}",null,null,null
,,phase1_n8_pair_3::high::medium,phase1,forced_target_report,phase1_n8_340,phase1_n8_pair_3,high,8,15,0.535714,"[""A"", ""B"", ""C"", ""D"", ""E"", ""F"", ""G"", ""H""]","[[""A"", ""B""], [""A"", ""C""], [""A"", ""E""], [""A"", ""G""], [""A"", ""H""], [""B"", ""D""], [""B"", ""E""], [""B"", ""F""], [""B"", ""G""], [""C"", ""E""], [""C"", ""G""], [""D"", ""E""], [""D"", ""H""], [""E"", ""H""], [""F"", ""H""]]","[5, 5, 5, 4, 3, 3, 3, 2]",B,H,1,2,medium,"[0.6, 0.2, 0.2]",1.43245,"[0.333333, 0.333333, 0.333333]","[0.562143, 0.218929, 0.218929]","[0.595303, 0.202348, 0.202348]","[0.872861, 0.063569, 0.063569]","{""n_nodes"": 8, ""observed_target_distance"": 2, ""target_degree"": 4, ""neighbor_internal_degrees"": [0, 1, 1, 2]}","{""high"": 0.838089, ""medium"": 0.394395, ""low"": 0.098599}",null,null,null
,,phase1_n8_pair_3::high::low,phase1,forced_target_report,phase1_n8_340,phase1_n8_pair_3,high,8,15,0.535714,"[""A"", ""B"", ""C"", ""D"", ""E"", ""F"", ""G"", ""H""]","[[""A"", ""B""], [""A"", ""C""], [""A"", ""E""], [""A"", ""G""], [""A"", ""H""], [""B"", ""D""], [""B"", ""E""], [""B"", ""F""], [""B"", ""G""], [""C"", ""E""], [""C"", ""G""], [""D"", ""E""], [""D"", ""H""], [""E"", ""H""], [""F"", ""H""]]","[5, 5, 5, 4, 3, 3, 3, 2]",B,H,1,2,low,"[0.4, 0.3, 0.3]",1.773077,"[0.333333, 0.333333, 0.333333]","[0.390536, 0.304732, 0.304732]","[0.398826, 0.300587, 0.300587]","[0.865376, 0.067312, 0.067312]","{""n_nodes"": 8, ""observed_target_distance"": 2, ""target_degree"": 4, ""neighbor_internal_degrees"": [0, 1, 1, 2]}","{""high"": 0.838089, ""medium"": 0.394395, ""low"": 0.098599}",null,null,null
,,phase1_n7_pair_1::low::high,phase1,forced_target_report,phase1_n7_349,phase1_n7_pair_1,low,7,14,0.666667,"[""A"", ""B"", ""C"", ""D"", ""E"", ""F"", ""G""]","[[""A"", ""B""], [""A"", ""C""], [""A"", ""E""], [""A"", ""F""], [""B"", ""C""], [""B"", ""F""], [""B"", ""G""], [""C"", ""E""], [""C"", ""G""], [""D"", ""E""], [""D"", ""G""], [""E"", ""F""], [""E"", ""G""], [""F"", ""G""]]","[5, 5, 4, 4, 4, 4, 2]",D,B,1,2,high,"[0.9, 0.05, 0.05]",3.853919,"[0.333333, 0.333333, 0.333333]","[0.27331, 0.363345, 0.363345]","[0.066697, 0.466652, 0.466652]","[0.214673, 0.782559, 0.002767]","{""n_nodes"": 7, ""observed_target_distance"": 2, ""target_degree"": 4, ""neighbor_internal_degrees"": [2, 2, 2, 2]}","{""high"": 0.830881, ""medium"": 0.391003, ""low"": 0.097751}",null,null,null
,,phase1_n7_pair_1::low::medium,phase1,forced_target_report,phase1_n7_349,phase1_n7_pair_1,low,7,14,0.666667,"[""A"", ""B"", ""C"", ""D"", ""E"", ""F"", ""G""]","[[""A"", ""B""], [""A"", ""C""], [""A"", ""E""], [""A"", ""F""], [""B"", ""C""], [""B"", ""F""], [""B"", ""G""], [""C"", ""E""], [""C"", ""G""], [""D"", ""E""], [""D"", ""G""], [""E"", ""F""], [""E"", ""G""], [""F"", ""G""]]","[5, 5, 4, 4, 4, 4, 2]",D,B,1,2,medium,"[0.6, 0.2, 0.2]",2.701746,"[0.333333, 0.333333, 0.333333]","[0.305087, 0.347456, 0.347456]","[0.207857, 0.396071, 0.396071]","[0.877798, 0.061101, 0.061101]","{""n_nodes"": 7, ""observed_target_distance"": 2, ""target_degree"": 4, ""neighbor_internal_degrees"": [2, 2, 2, 2]}","{""high"": 0.830881, ""medium"": 0.391003, ""low"": 0.097751}",null,null,null
,,phase1_n7_pair_1::low::low,phase1,forced_target_report,phase1_n7_349,phase1_n7_pair_1,low,7,14,0.666667,"[""A"", ""B"", ""C"", ""D"", ""E"", ""F"", ""G""]","[[""A"", ""B""], [""A"", ""C""], [""A"", ""E""], [""A"", ""F""], [""B"", ""C""], [""B"", ""F""], [""B"", ""G""], [""C"", ""E""], [""C"", ""G""], [""D"", ""E""], [""D"", ""G""], [""E"", ""F""], [""E"", ""G""], [""F"", ""G""]]","[5, 5, 4, 4, 4, 4, 2]",D,B,1,2,low,"[0.4, 0.3, 0.3]",2.287414,"[0.333333, 0.333333, 0.333333]","[0.326272, 0.336864, 0.336864]","[0.301964, 0.349018, 0.349018]","[0.878264, 0.060868, 0.060868]","{""n_nodes"": 7, ""observed_target_distance"": 2, ""target_degree"": 4, ""neighbor_internal_degrees"": [2, 2, 2, 2]}","{""high"": 0.830881, ""medium"": 0.391003, ""low"": 0.097751}",null,null,null
,,phase1_n7_pair_1::high::high,phase1,forced_target_report,phase1_n7_349,phase1_n7_pair_1,high,7,14,0.666667,"[""A"", ""B"", ""C"", ""D"", ""E"", ""F"", ""G""]","[[""A"", ""B""], [""A"", ""C""], [""A"", ""E""], [""A"", ""F""], [""B"", ""C""], [""B"", ""F""], [""B"", ""G""], [""C"", ""E""], [""C"", ""G""], [""D"", ""E""], [""D"", ""G""], [""E"", ""F""], [""E"", ""G""], [""F"", ""G""]]","[5, 5, 4, 4, 4, 4, 2]",C,F,1,2,high,"[0.9, 0.05, 0.05]",2.193554,"[0.333333, 0.333333, 0.333333]","[0.851851, 0.074074, 0.074074]","[0.897578, 0.051211, 0.051211]","[0.880928, 0.059536, 0.059536]","{""n_nodes"": 7, ""observed_target_distance"": 2, ""target_degree"": 4, ""neighbor_internal_degrees"": [2, 2, 2, 2]}","{""high"": 0.830881, ""medium"": 0.391003, ""low"": 0.097751}",null,null,null
,,phase1_n7_pair_1::high::medium,phase1,forced_target_report,phase1_n7_349,phase1_n7_pair_1,high,7,14,0.666667,"[""A"", ""B"", ""C"", ""D"", ""E"", ""F"", ""G""]","[[""A"", ""B""], [""A"", ""C""], [""A"", ""E""], [""A"", ""F""], [""B"", ""C""], [""B"", ""F""], [""B"", ""G""], [""C"", ""E""], [""C"", ""G""], [""D"", ""E""], [""D"", ""G""], [""E"", ""F""], [""E"", ""G""], [""F"", ""G""]]","[5, 5, 4, 4, 4, 4, 2]",C,F,1,2,medium,"[0.6, 0.2, 0.2]",1.480988,"[0.333333, 0.333333, 0.333333]","[0.577342, 0.211329, 0.211329]","[0.59886, 0.20057, 0.20057]","[0.880008, 0.059996, 0.059996]","{""n_nodes"": 7, ""observed_target_distance"": 2, ""target_degree"": 4, ""neighbor_internal_degrees"": [2, 2, 2, 2]}","{""high"": 0.830881, ""medium"": 0.391003, ""low"": 0.097751}",null,null,null
,,phase1_n7_pair_1::high::low,phase1,forced_target_report,phase1_n7_349,phase1_n7_pair_1,high,7,14,0.666667,"[""A"", ""B"", ""C"", ""D"", ""E"", ""F"", ""G""]","[[""A"", ""B""], [""A"", ""C""], [""A"", ""E""], [""A"", ""F""], [""B"", ""C""], [""B"", ""F""], [""B"", ""G""], [""C"", ""E""], [""C"", ""G""], [""D"", ""E""], [""D"", ""G""], [""E"", ""F""], [""E"", ""G""], [""F"", ""G""]]","[5, 5, 4, 4, 4, 4, 2]",C,F,1,2,low,"[0.4, 0.3, 0.3]",1.901062,"[0.333333, 0.333333, 0.333333]","[0.394335, 0.302832, 0.302832]","[0.399715, 0.300142, 0.300142]","[0.87864, 0.06068, 0.06068]","{""n_nodes"": 7, ""observed_target_distance"": 2, ""target_degree"": 4, ""neighbor_internal_degrees"": [2, 2, 2, 2]}","{""high"": 0.830881, ""medium"": 0.391003, ""low"": 0.097751}",null,null,null
,,phase1_n7_pair_2::low::high,phase1,forced_target_report,phase1_n7_248,phase1_n7_pair_2,low,7,14,0.666667,"[""A"", ""B"", ""C"", ""D"", ""E"", ""F"", ""G""]","[[""A"", ""B""], [""A"", ""D""], [""A"", ""E""], [""A"", ""F""], [""B"", ""C""], [""B"", ""D""], [""C"", ""D""], [""C"", ""E""], [""C"", ""F""], [""D"", ""E""], [""D"", ""F""], [""D"", ""G""], [""E"", ""G""], [""F"", ""G""]]","[6, 4, 4, 4, 4, 3, 3]",B,G,1,2,high,"[0.9, 0.05, 0.05]",3.014637,"[0.333333, 0.333333, 0.333333]","[0.195734, 0.402133, 0.402133]","[0.052416, 0.473792, 0.473792]","[0.220815, 0.766573, 0.012612]","{""n_nodes"": 7, ""observed_target_distance"": 2, ""target_degree"": 3, ""neighbor_internal_degrees"": [1, 1, 2]}","{""high"": 0.830052, ""medium"": 0.390613, ""low"": 0.097653}",null,null,null
,,phase1_n7_pair_2::low::medium,phase1,forced_target_report,phase1_n7_248,phase1_n7_pair_2,low,7,14,0.666667,"[""A"", ""B"", ""C"", ""D"", ""E"", ""F"", ""G""]","[[""A"", ""B""], [""A"", ""D""], [""A"", ""E""], [""A"", ""F""], [""B"", ""C""], [""B"", ""D""], [""C"", ""D""], [""C"", ""E""], [""C"", ""F""], [""D"", ""E""], [""D"", ""F""], [""D"", ""G""], [""E"", ""G""], [""F"", ""G""]]","[6, 4, 4, 4, 4, 3, 3]",B,G,1,2,medium,"[0.6, 0.2, 0.2]",1.920514,"[0.333333, 0.333333, 0.333333]","[0.26858, 0.36571, 0.36571]","[0.201137, 0.399431, 0.399431]","[0.788646, 0.105677, 0.105677]","{""n_nodes"": 7, ""observed_target_distance"": 2, ""target_degree"": 3, ""neighbor_internal_degrees"": [1, 1, 2]}","{""high"": 0.830052, ""medium"": 0.390613, ""low"": 0.097653}",null,null,null
,,phase1_n7_pair_2::low::low,phase1,forced_target_report,phase1_n7_248,phase1_n7_pair_2,low,7,14,0.666667,"[""A"", ""B"", ""C"", ""D"", ""E"", ""F"", ""G""]","[[""A"", ""B""], [""A"", ""D""], [""A"", ""E""], [""A"", ""F""], [""B"", ""C""], [""B"", ""D""], [""C"", ""D""], [""C"", ""E""], [""C"", ""F""], [""D"", ""E""], [""D"", ""F""], [""D"", ""G""], [""E"", ""G""], [""F"", ""G""]]","[6, 4, 4, 4, 4, 3, 3]",B,G,1,2,low,"[0.4, 0.3, 0.3]",1.481754,"[0.333333, 0.333333, 0.333333]","[0.317145, 0.341427, 0.341427]","[0.300284, 0.349858, 0.349858]","[0.78879, 0.105605, 0.105605]","{""n_nodes"": 7, ""observed_target_distance"": 2, ""target_degree"": 3, ""neighbor_internal_degrees"": [1, 1, 2]}","{""high"": 0.830052, ""medium"": 0.390613, ""low"": 0.097653}",null,null,null
,,phase1_n7_pair_2::high::high,phase1,forced_target_report,phase1_n7_049,phase1_n7_pair_2,high,7,14,0.666667,"[""A"", ""B"", ""C"", ""D"", ""E"", ""F"", ""G""]","[[""A"", ""D""], [""A"", ""E""], [""A"", ""G""], [""B"", ""C""], [""B"", ""D""], [""B"", ""E""], [""B"", ""F""], [""C"", ""F""], [""C"", ""G""], [""D"", ""F""], [""D"", ""G""], [""E"", ""F""], [""E"", ""G""], [""F"", ""G""]]","[5, 5, 4, 4, 4, 3, 3]",D,C,1,2,high,"[0.9, 0.05, 0.05]",3.733506,"[0.333333, 0.333333, 0.333333]","[0.77666, 0.11167, 0.11167]","[0.882469, 0.058766, 0.058766]","[0.452409, 0.546526, 0.001065]","{""n_nodes"": 7, ""observed_target_distance"": 2, ""target_degree"": 3, ""neighbor_internal_degrees"": [1, 1, 2]}","{""high"": 0.830052, ""medium"": 0.390613, ""low"": 0.097653}",null,null,null
,,phase1_n7_pair_2::high::medium,phase1,forced_target_report,phase1_n7_049,phase1_n7_pair_2,high,7,14,0.666667,"[""A"", ""B"", ""C"", ""D"", ""E"", ""F"", ""G""]","[[""A"", ""D""], [""A"", ""E""], [""A"", ""G""], [""B"", ""C""], [""B"", ""D""], [""B"", ""E""], [""B"", ""F""], [""C"", ""F""], [""C"", ""G""], [""D"", ""F""], [""D"", ""G""], [""E"", ""F""], [""E"", ""G""], [""F"", ""G""]]","[5, 5, 4, 4, 4, 3, 3]",D,C,1,2,medium,"[0.6, 0.2, 0.2]",0.931207,"[0.333333, 0.333333, 0.333333]","[0.541958, 0.229021, 0.229021]","[0.59175, 0.204125, 0.204125]","[0.789998, 0.105001, 0.105001]","{""n_nodes"": 7, ""observed_target_distance"": 2, ""target_degree"": 3, ""neighbor_internal_degrees"": [1, 1, 2]}","{""high"": 0.830052, ""medium"": 0.390613, ""low"": 0.097653}",null,null,null
,,phase1_n7_pair_2::high::low,phase1,forced_target_report,phase1_n7_049,phase1_n7_pair_2,high,7,14,0.666667,"[""A"", ""B"", ""C"", ""D"", ""E"", ""F"", ""G""]","[[""A"", ""D""], [""A"", ""E""], [""A"", ""G""], [""B"", ""C""], [""B"", ""D""], [""B"", ""E""], [""B"", ""F""], [""C"", ""F""], [""C"", ""G""], [""D"", ""F""], [""D"", ""G""], [""E"", ""F""], [""E"", ""G""], [""F"", ""G""]]","[5, 5, 4, 4, 4, 3, 3]",D,C,1,2,low,"[0.4, 0.3, 0.3]",1.172242,"[0.333333, 0.333333, 0.333333]","[0.385489, 0.307255, 0.307255]","[0.397937, 0.301031, 0.301031]","[0.78893, 0.105535, 0.105535]","{""n_nodes"": 7, ""observed_target_distance"": 2, ""target_degree"": 3, ""neighbor_internal_degrees"": [1, 1, 2]}","{""high"": 0.830052, ""medium"": 0.390613, ""low"": 0.097653}",null,null,null
,,phase1_n7_pair_3::low::high,phase1,forced_target_report,phase1_n7_346,phase1_n7_pair_3,low,7,13,0.619048,"[""A"", ""B"", ""C"", ""D"", ""E"", ""F"", ""G""]","[[""A"", ""B""], [""A"", ""C""], [""A"", ""E""], [""A"", ""G""], [""B"", ""E""], [""C"", ""D""], [""C"", ""E""], [""C"", ""G""], [""D"", ""E""], [""D"", ""F""], [""D"", ""G""], [""E"", ""F""], [""F"", ""G""]]","[5, 4, 4, 4, 4, 3, 2]",B,G,1,2,high,"[0.9, 0.05, 0.05]",3.507307,"[0.333333, 0.333333, 0.333333]","[0.279924, 0.360038, 0.360038]","[0.06813, 0.465935, 0.465935]","[0.21738, 0.777834, 0.004785]","{""n_nodes"": 7, ""observed_target_distance"": 2, ""target_degree"": 4, ""neighbor_internal_degrees"": [1, 1, 2, 2]}","{""high"": 0.829021, ""medium"": 0.390128, ""low"": 0.097532}",null,null,null
,,phase1_n7_pair_3::low::medium,phase1,forced_target_report,phase1_n7_346,phase1_n7_pair_3,low,7,13,0.619048,"[""A"", ""B"", ""C"", ""D"", ""E"", ""F"", ""G""]","[[""A"", ""B""], [""A"", ""C""], [""A"", ""E""], [""A"", ""G""], [""B"", ""E""], [""C"", ""D""], [""C"", ""E""], [""C"", ""G""], [""D"", ""E""], [""D"", ""F""], [""D"", ""G""], [""E"", ""F""], [""F"", ""G""]]","[5, 4, 4, 4, 4, 3, 2]",B,G,1,2,medium,"[0.6, 0.2, 0.2]",2.561742,"[0.333333, 0.333333, 0.333333]","[0.3082, 0.3459, 0.3459]","[0.208532, 0.395734, 0.395734]","[0.867246, 0.066377, 0.066377]","{""n_nodes"": 7, ""observed_target_distance"": 2, ""target_degree"": 4, ""neighbor_internal_degrees"": [1, 1, 2, 2]}","{""high"": 0.829021, ""medium"": 0.390128, ""low"": 0.097532}",null,null,null
,,phase1_n7_pair_3::low::low,phase1,forced_target_report,phase1_n7_346,phase1_n7_pair_3,low,7,13,0.619048,"[""A"", ""B"", ""C"", ""D"", ""E"", ""F"", ""G""]","[[""A"", ""B""], [""A"", ""C""], [""A"", ""E""], [""A"", ""G""], [""B"", ""E""], [""C"", ""D""], [""C"", ""E""], [""C"", ""G""], [""D"", ""E""], [""D"", ""F""], [""D"", ""G""], [""E"", ""F""], [""F"", ""G""]]","[5, 4, 4, 4, 4, 3, 2]",B,G,1,2,low,"[0.4, 0.3, 0.3]",2.176697,"[0.333333, 0.333333, 0.333333]","[0.32705, 0.336475, 0.336475]","[0.302133, 0.348934, 0.348934]","[0.868881, 0.06556, 0.06556]","{""n_nodes"": 7, ""observed_target_distance"": 2, ""target_degree"": 4, ""neighbor_internal_degrees"": [1, 1, 2, 2]}","{""high"": 0.829021, ""medium"": 0.390128, ""low"": 0.097532}",null,null,null
,,phase1_n7_pair_3::high::high,phase1,forced_target_report,phase1_n7_321,phase1_n7_pair_3,high,7,14,0.666667,"[""A"", ""B"", ""C"", ""D"", ""E"", ""F"", ""G""]","[[""A"", ""B""], [""A"", ""D""], [""A"", ""G""], [""B"", ""C""], [""B"", ""D""], [""B"", ""F""], [""B"", ""G""], [""C"", ""E""], [""C"", ""F""], [""D"", ""E""], [""D"", ""F""], [""E"", ""F""], [""E"", ""G""], [""F"", ""G""]]","[5, 5, 4, 4, 4, 3, 3]",D,G,1,2,high,"[0.9, 0.05, 0.05]",4.459255,"[0.333333, 0.333333, 0.333333]","[0.842034, 0.078983, 0.078983]","[0.897151, 0.051424, 0.051424]","[0.441109, 0.558678, 0.000213]","{""n_nodes"": 7, ""observed_target_distance"": 2, ""target_degree"": 4, ""neighbor_internal_degrees"": [1, 1, 2, 2]}","{""high"": 0.829021, ""medium"": 0.390128, ""low"": 0.097532}",null,null,null
,,phase1_n7_pair_3::high::medium,phase1,forced_target_report,phase1_n7_321,phase1_n7_pair_3,high,7,14,0.666667,"[""A"", ""B"", ""C"", ""D"", ""E"", ""F"", ""G""]","[[""A"", ""B""], [""A"", ""D""], [""A"", ""G""], [""B"", ""C""], [""B"", ""D""], [""B"", ""F""], [""B"", ""G""], [""C"", ""E""], [""C"", ""F""], [""D"", ""E""], [""D"", ""F""], [""E"", ""F""], [""E"", ""G""], [""F"", ""G""]]","[5, 5, 4, 4, 4, 3, 3]",D,G,1,2,medium,"[0.6, 0.2, 0.2]",1.472268,"[0.333333, 0.333333, 0.333333]","[0.572722, 0.213639, 0.213639]","[0.598659, 0.20067, 0.20067]","[0.878637, 0.060682, 0.060682]","{""n_nodes"": 7, ""observed_target_distance"": 2, ""target_degree"": 4, ""neighbor_internal_degrees"": [1, 1, 2, 2]}","{""high"": 0.829021, ""medium"": 0.390128, ""low"": 0.097532}",null,null,null
,,phase1_n7_pair_3::high::low,phase1,forced_target_report,phase1_n7_321,phase1_n7_pair_3,high,7,14,0.666667,"[""A"", ""B"", ""C"", ""D"", ""E"", ""F"", ""G""]","[[""A"", ""B""], [""A"", ""D""], [""A"", ""G""], [""B"", ""C""], [""B"", ""D""], [""B"", ""F""], [""B"", ""G""], [""C"", ""E""], [""C"", ""F""], [""D"", ""E""], [""D"", ""F""], [""E"", ""F""], [""E"", ""G""], [""F"", ""G""]]","[5, 5, 4, 4, 4, 3, 3]",D,G,1,2,low,"[0.4, 0.3, 0.3]",1.875443,"[0.333333, 0.333333, 0.333333]","[0.39318, 0.30341, 0.30341]","[0.399665, 0.300168, 0.300168]","[0.876026, 0.061987, 0.061987]","{""n_nodes"": 7, ""observed_target_distance"": 2, ""target_degree"": 4, ""neighbor_internal_degrees"": [1, 1, 2, 2]}","{""high"": 0.829021, ""medium"": 0.390128, ""low"": 0.097532}",null,null,null
,,phase1_n6_pair_1::low::high,phase1,forced_target_report,phase1_n6_107,phase1_n6_pair_1,low,6,10,0.666667,"[""A"", ""B"", ""C"", ""D"", ""E"", ""F""]","[[""A"", ""B""], [""A"", ""E""], [""A"", ""F""], [""B"", ""C""], [""B"", ""D""], [""B"", ""E""], [""B"", ""F""], [""C"", ""D""], [""C"", ""E""], [""C"", ""F""]]","[5, 4, 3, 3, 3, 2]",D,A,1,2,high,"[0.9, 0.05, 0.05]",2.472809,"[0.333333, 0.333333, 0.333333]","[0.29937, 0.350315, 0.350315]","[0.08091, 0.459545, 0.459545]","[0.213763, 0.764653, 0.021585]","{""n_nodes"": 6, ""observed_target_distance"": 2, ""target_degree"": 3, ""neighbor_internal_degrees"": [1, 1, 2]}","{""high"": 0.78796, ""medium"": 0.370805, ""low"": 0.092701}",null,null,null
,,phase1_n6_pair_1::low::medium,phase1,forced_target_report,phase1_n6_107,phase1_n6_pair_1,low,6,10,0.666667,"[""A"", ""B"", ""C"", ""D"", ""E"", ""F""]","[[""A"", ""B""], [""A"", ""E""], [""A"", ""F""], [""B"", ""C""], [""B"", ""D""], [""B"", ""E""], [""B"", ""F""], [""C"", ""D""], [""C"", ""E""], [""C"", ""F""]]","[5, 4, 3, 3, 3, 2]",D,A,1,2,medium,"[0.6, 0.2, 0.2]",1.376338,"[0.333333, 0.333333, 0.333333]","[0.317351, 0.341325, 0.341325]","[0.214546, 0.392727, 0.392727]","[0.733779, 0.13311, 0.13311]","{""n_nodes"": 6, ""observed_target_distance"": 2, ""target_degree"": 3, ""neighbor_internal_degrees"": [1, 1, 2]}","{""high"": 0.78796, ""medium"": 0.370805, ""low"": 0.092701}",null,null,null
,,phase1_n6_pair_1::low::low,phase1,forced_target_report,phase1_n6_107,phase1_n6_pair_1,low,6,10,0.666667,"[""A"", ""B"", ""C"", ""D"", ""E"", ""F""]","[[""A"", ""B""], [""A"", ""E""], [""A"", ""F""], [""B"", ""C""], [""B"", ""D""], [""B"", ""E""], [""B"", ""F""], [""C"", ""D""], [""C"", ""E""], [""C"", ""F""]]","[5, 4, 3, 3, 3, 2]",D,A,1,2,low,"[0.4, 0.3, 0.3]",1.18712,"[0.333333, 0.333333, 0.333333]","[0.329338, 0.335331, 0.335331]","[0.303636, 0.348182, 0.348182]","[0.749862, 0.125069, 0.125069]","{""n_nodes"": 6, ""observed_target_distance"": 2, ""target_degree"": 3, ""neighbor_internal_degrees"": [1, 1, 2]}","{""high"": 0.78796, ""medium"": 0.370805, ""low"": 0.092701}",null,null,null
,,phase1_n6_pair_1::high::high,phase1,forced_target_report,phase1_n6_011,phase1_n6_pair_1,high,6,11,0.733333,"[""A"", ""B"", ""C"", ""D"", ""E"", ""F""]","[[""A"", ""B""], [""A"", ""C""], [""A"", ""F""], [""B"", ""D""], [""B"", ""E""], [""B"", ""F""], [""C"", ""D""], [""C"", ""E""], [""C"", ""F""], [""D"", ""F""], [""E"", ""F""]]","[5, 4, 4, 3, 3, 3]",A,D,1,2,high,"[0.9, 0.05, 0.05]",3.505707,"[0.333333, 0.333333, 0.333333]","[0.760651, 0.119675, 0.119675]","[0.86887, 0.065565, 0.065565]","[0.487875, 0.51118, 0.000946]","{""n_nodes"": 6, ""observed_target_distance"": 2, ""target_degree"": 3, ""neighbor_internal_degrees"": [1, 1, 2]}","{""high"": 0.78796, ""medium"": 0.370805, ""low"": 0.092701}",null,null,null
,,phase1_n6_pair_1::high::medium,phase1,forced_target_report,phase1_n6_011,phase1_n6_pair_1,high,6,11,0.733333,"[""A"", ""B"", ""C"", ""D"", ""E"", ""F""]","[[""A"", ""B""], [""A"", ""C""], [""A"", ""F""], [""B"", ""D""], [""B"", ""E""], [""B"", ""F""], [""C"", ""D""], [""C"", ""E""], [""C"", ""F""], [""D"", ""F""], [""E"", ""F""]]","[5, 4, 4, 3, 3, 3]",A,D,1,2,medium,"[0.6, 0.2, 0.2]",0.908218,"[0.333333, 0.333333, 0.333333]","[0.534424, 0.232788, 0.232788]","[0.585351, 0.207325, 0.207325]","[0.784951, 0.107525, 0.107525]","{""n_nodes"": 6, ""observed_target_distance"": 2, ""target_degree"": 3, ""neighbor_internal_degrees"": [1, 1, 2]}","{""high"": 0.78796, ""medium"": 0.370805, ""low"": 0.092701}",null,null,null
,,phase1_n6_pair_1::high::low,phase1,forced_target_report,phase1_n6_011,phase1_n6_pair_1,high,6,11,0.733333,"[""A"", ""B"", ""C"", ""D"", ""E"", ""F""]","[[""A"", ""B""], [""A"", ""C""], [""A"", ""F""], [""B"", ""D""], [""B"", ""E""], [""B"", ""F""], [""C"", ""D""], [""C"", ""E""], [""C"", ""F""], [""D"", ""F""], [""E"", ""F""]]","[5, 4, 4, 3, 3, 3]",A,D,1,2,low,"[0.4, 0.3, 0.3]",1.120014,"[0.333333, 0.333333, 0.333333]","[0.383606, 0.308197, 0.308197]","[0.396338, 0.301831, 0.301831]","[0.779962, 0.110019, 0.110019]","{""n_nodes"": 6, ""observed_target_distance"": 2, ""target_degree"": 3, ""neighbor_internal_degrees"": [1, 1, 2]}","{""high"": 0.78796, ""medium"": 0.370805, ""low"": 0.092701}",null,null,null
,,phase1_n6_pair_2::low::high,phase1,forced_target_report,phase1_n6_189,phase1_n6_pair_2,low,6,9,0.6,"[""A"", ""B"", ""C"", ""D"", ""E"", ""F""]","[[""A"", ""C""], [""A"", ""D""], [""A"", ""E""], [""B"", ""D""], [""B"", ""F""], [""C"", ""F""], [""D"", ""E""], [""D"", ""F""], [""E"", ""F""]]","[4, 4, 3, 3, 2, 2]",B,A,1,2,high,"[0.9, 0.05, 0.05]",0.489385,"[0.333333, 0.333333, 0.333333]","[0.314018, 0.342991, 0.342991]","[0.093416, 0.453292, 0.453292]","[0.281674, 0.359163, 0.359163]","{""n_nodes"": 6, ""observed_target_distance"": 2, ""target_degree"": 3, ""neighbor_internal_degrees"": [0, 1, 1]}","{""high"": 0.768488, ""medium"": 0.361641, ""low"": 0.09041}",null,null,null
,,phase1_n6_pair_2::low::medium,phase1,forced_target_report,phase1_n6_189,phase1_n6_pair_2,low,6,9,0.6,"[""A"", ""B"", ""C"", ""D"", ""E"", ""F""]","[[""A"", ""C""], [""A"", ""D""], [""A"", ""E""], [""B"", ""D""], [""B"", ""F""], [""C"", ""F""], [""D"", ""E""], [""D"", ""F""], [""E"", ""F""]]","[4, 4, 3, 3, 2, 2]",B,A,1,2,medium,"[0.6, 0.2, 0.2]",0.104626,"[0.333333, 0.333333, 0.333333]","[0.324244, 0.337878, 0.337878]","[0.220431, 0.389784, 0.389784]","[0.351222, 0.324389, 0.324389]","{""n_nodes"": 6, ""observed_target_distance"": 2, ""target_degree"": 3, ""neighbor_internal_degrees"": [0, 1, 1]}","{""high"": 0.768488, ""medium"": 0.361641, ""low"": 0.09041}",null,null,null
,,phase1_n6_pair_2::low::low,phase1,forced_target_report,phase1_n6_189,phase1_n6_pair_2,low,6,9,0.6,"[""A"", ""B"", ""C"", ""D"", ""E"", ""F""]","[[""A"", ""C""], [""A"", ""D""], [""A"", ""E""], [""B"", ""D""], [""B"", ""F""], [""C"", ""F""], [""D"", ""E""], [""D"", ""F""], [""E"", ""F""]]","[4, 4, 3, 3, 2, 2]",B,A,1,2,low,"[0.4, 0.3, 0.3]",0.215866,"[0.333333, 0.333333, 0.333333]","[0.331061, 0.33447, 0.33447]","[0.305108, 0.347446, 0.347446]","[0.506819, 0.24659, 0.24659]","{""n_nodes"": 6, ""observed_target_distance"": 2, ""target_degree"": 3, ""neighbor_internal_degrees"": [0, 1, 1]}","{""high"": 0.768488, ""medium"": 0.361641, ""low"": 0.09041}",null,null,null
,,phase1_n6_pair_2::high::high,phase1,forced_target_report,phase1_n6_067,phase1_n6_pair_2,high,6,8,0.533333,"[""A"", ""B"", ""C"", ""D"", ""E"", ""F""]","[[""A"", ""B""], [""A"", ""F""], [""B"", ""D""], [""B"", ""E""], [""C"", ""D""], [""D"", ""E""], [""D"", ""F""], [""E"", ""F""]]","[4, 3, 3, 3, 2, 1]",F,B,1,2,high,"[0.9, 0.05, 0.05]",1.443927,"[0.333333, 0.333333, 0.333333]","[0.742513, 0.128744, 0.128744]","[0.861904, 0.069048, 0.069048]","[0.708991, 0.145504, 0.145504]","{""n_nodes"": 6, ""observed_target_distance"": 2, ""target_degree"": 3, ""neighbor_internal_degrees"": [0, 1, 1]}","{""high"": 0.768488, ""medium"": 0.361641, ""low"": 0.09041}",null,null,null
,,phase1_n6_pair_2::high::medium,phase1,forced_target_report,phase1_n6_067,phase1_n6_pair_2,high,6,8,0.533333,"[""A"", ""B"", ""C"", ""D"", ""E"", ""F""]","[[""A"", ""B""], [""A"", ""F""], [""B"", ""D""], [""B"", ""E""], [""C"", ""D""], [""D"", ""E""], [""D"", ""F""], [""E"", ""F""]]","[4, 3, 3, 3, 2, 1]",F,B,1,2,medium,"[0.6, 0.2, 0.2]",0.282426,"[0.333333, 0.333333, 0.333333]","[0.525888, 0.237056, 0.237056]","[0.582073, 0.208964, 0.208964]","[0.462453, 0.268773, 0.268773]","{""n_nodes"": 6, ""observed_target_distance"": 2, ""target_degree"": 3, ""neighbor_internal_degrees"": [0, 1, 1]}","{""high"": 0.768488, ""medium"": 0.361641, ""low"": 0.09041}",null,null,null
,,phase1_n6_pair_2::high::low,phase1,forced_target_report,phase1_n6_067,phase1_n6_pair_2,high,6,8,0.533333,"[""A"", ""B"", ""C"", ""D"", ""E"", ""F""]","[[""A"", ""B""], [""A"", ""F""], [""B"", ""D""], [""B"", ""E""], [""C"", ""D""], [""D"", ""E""], [""D"", ""F""], [""E"", ""F""]]","[4, 3, 3, 3, 2, 1]",F,B,1,2,low,"[0.4, 0.3, 0.3]",0.019165,"[0.333333, 0.333333, 0.333333]","[0.381472, 0.309264, 0.309264]","[0.395518, 0.302241, 0.302241]","[0.359305, 0.320347, 0.320347]","{""n_nodes"": 6, ""observed_target_distance"": 2, ""target_degree"": 3, ""neighbor_internal_degrees"": [0, 1, 1]}","{""high"": 0.768488, ""medium"": 0.361641, ""low"": 0.09041}",null,null,null
,,phase1_n6_pair_3::low::high,phase1,forced_target_report,phase1_n6_119,phase1_n6_pair_3,low,6,10,0.666667,"[""A"", ""B"", ""C"", ""D"", ""E"", ""F""]","[[""A"", ""B""], [""A"", ""D""], [""A"", ""E""], [""B"", ""D""], [""B"", ""F""], [""C"", ""D""], [""C"", ""F""], [""D"", ""E""], [""D"", ""F""], [""E"", ""F""]]","[5, 4, 3, 3, 3, 2]",A,C,1,2,high,"[0.9, 0.05, 0.05]",1.475859,"[0.333333, 0.333333, 0.333333]","[0.271926, 0.364037, 0.364037]","[0.08091, 0.459545, 0.459545]","[0.311476, 0.614375, 0.074149]","{""n_nodes"": 6, ""observed_target_distance"": 2, ""target_degree"": 2, ""neighbor_internal_degrees"": [1, 1]}","{""high"": 0.75972, ""medium"": 0.357515, ""low"": 0.089379}",null,null,null
,,phase1_n6_pair_3::low::medium,phase1,forced_target_report,phase1_n6_119,phase1_n6_pair_3,low,6,10,0.666667,"[""A"", ""B"", ""C"", ""D"", ""E"", ""F""]","[[""A"", ""B""], [""A"", ""D""], [""A"", ""E""], [""B"", ""D""], [""B"", ""F""], [""C"", ""D""], [""C"", ""F""], [""D"", ""E""], [""D"", ""F""], [""E"", ""F""]]","[5, 4, 3, 3, 3, 2]",A,C,1,2,medium,"[0.6, 0.2, 0.2]",0.873556,"[0.333333, 0.333333, 0.333333]","[0.304436, 0.347782, 0.347782]","[0.214546, 0.392727, 0.392727]","[0.637021, 0.181489, 0.181489]","{""n_nodes"": 6, ""observed_target_distance"": 2, ""target_degree"": 2, ""neighbor_internal_degrees"": [1, 1]}","{""high"": 0.75972, ""medium"": 0.357515, ""low"": 0.089379}",null,null,null
,,phase1_n6_pair_3::low::low,phase1,forced_target_report,phase1_n6_119,phase1_n6_pair_3,low,6,10,0.666667,"[""A"", ""B"", ""C"", ""D"", ""E"", ""F""]","[[""A"", ""B""], [""A"", ""D""], [""A"", ""E""], [""B"", ""D""], [""B"", ""F""], [""C"", ""D""], [""C"", ""F""], [""D"", ""E""], [""D"", ""F""], [""E"", ""F""]]","[5, 4, 3, 3, 3, 2]",A,C,1,2,low,"[0.4, 0.3, 0.3]",0.630068,"[0.333333, 0.333333, 0.333333]","[0.326109, 0.336946, 0.336946]","[0.303636, 0.348182, 0.348182]","[0.63794, 0.18103, 0.18103]","{""n_nodes"": 6, ""observed_target_distance"": 2, ""target_degree"": 2, ""neighbor_internal_degrees"": [1, 1]}","{""high"": 0.75972, ""medium"": 0.357515, ""low"": 0.089379}",null,null,null
,,phase1_n6_pair_3::high::high,phase1,forced_target_report,phase1_n6_065,phase1_n6_pair_3,high,6,10,0.666667,"[""A"", ""B"", ""C"", ""D"", ""E"", ""F""]","[[""A"", ""B""], [""A"", ""C""], [""A"", ""D""], [""B"", ""D""], [""B"", ""E""], [""C"", ""D""], [""C"", ""E""], [""C"", ""F""], [""D"", ""E""], [""D"", ""F""]]","[5, 4, 3, 3, 3, 2]",A,F,1,2,high,"[0.9, 0.05, 0.05]",2.279805,"[0.333333, 0.333333, 0.333333]","[0.649064, 0.175468, 0.175468]","[0.840631, 0.079685, 0.079685]","[0.493881, 0.4874, 0.018718]","{""n_nodes"": 6, ""observed_target_distance"": 2, ""target_degree"": 2, ""neighbor_internal_degrees"": [1, 1]}","{""high"": 0.75972, ""medium"": 0.357515, ""low"": 0.089379}",null,null,null
,,phase1_n6_pair_3::high::medium,phase1,forced_target_report,phase1_n6_065,phase1_n6_pair_3,high,6,10,0.666667,"[""A"", ""B"", ""C"", ""D"", ""E"", ""F""]","[[""A"", ""B""], [""A"", ""C""], [""A"", ""D""], [""B"", ""D""], [""B"", ""E""], [""C"", ""D""], [""C"", ""E""], [""C"", ""F""], [""D"", ""E""], [""D"", ""F""]]","[5, 4, 3, 3, 3, 2]",A,F,1,2,medium,"[0.6, 0.2, 0.2]",0.4534,"[0.333333, 0.333333, 0.333333]","[0.481913, 0.259044, 0.259044]","[0.572061, 0.213969, 0.213969]","[0.64785, 0.176075, 0.176075]","{""n_nodes"": 6, ""observed_target_distance"": 2, ""target_degree"": 2, ""neighbor_internal_degrees"": [1, 1]}","{""high"": 0.75972, ""medium"": 0.357515, ""low"": 0.089379}",null,null,null
,,phase1_n6_pair_3::high::low,phase1,forced_target_report,phase1_n6_065,phase1_n6_pair_3,high,6,10,0.666667,"[""A"", ""B"", ""C"", ""D"", ""E"", ""F""]","[[""A"", ""B""], [""A"", ""C""], [""A"", ""D""], [""B"", ""D""], [""B"", ""E""], [""C"", ""D""], [""C"", ""E""], [""C"", ""F""], [""D"", ""E""], [""D"", ""F""]]","[5, 4, 3, 3, 3, 2]",A,F,1,2,low,"[0.4, 0.3, 0.3]",0.48278,"[0.333333, 0.333333, 0.333333]","[0.370478, 0.314761, 0.314761]","[0.393015, 0.303492, 0.303492]","[0.640788, 0.179606, 0.179606]","{""n_nodes"": 6, ""observed_target_distance"": 2, ""target_degree"": 2, ""neighbor_internal_degrees"": [1, 1]}","{""high"": 0.75972, ""medium"": 0.357515, ""low"": 0.089379}",null,null,null
,,phase2_n8_257::high,phase2,free_query,phase2_n8_257,,,8,18,0.642857,"[""A"", ""B"", ""C"", ""D"", ""E"", ""F"", ""G"", ""H""]","[[""A"", ""B""], [""A"", ""D""], [""A"", ""F""], [""A"", ""H""], [""B"", ""E""], [""B"", ""F""], [""B"", ""G""], [""C"", ""E""], [""C"", ""F""], [""C"", ""G""], [""C"", ""H""], [""D"", ""E""], [""D"", ""G""], [""D"", ""H""], [""E"", ""F""], [""E"", ""H""], [""F"", ""G""], [""G"", ""H""]]","[5, 5, 5, 5, 4, 4, 4, 4]",A,G,0,2,high,"[0.9, 0.05, 0.05]",5.363584,"[0.333333, 0.333333, 0.333333]","[0.840398, 0.079801, 0.079801]","[0.898227, 0.050887, 0.050887]","[0.348137, 0.651823, 4e-05]",null,null,"{""total_fill_gap"": 1, ""max_omega_gap"": 1, ""first_step_fill_gap"": 2, ""first_step_omega_gap"": 0}","[""A"", ""C"", ""B"", ""D"", ""E"", ""F"", ""G"", ""H""]","[""C"", ""B"", ""D"", ""A"", ""E"", ""F"", ""G"", ""H""]"
,,phase2_n8_257::medium,phase2,free_query,phase2_n8_257,,,8,18,0.642857,"[""A"", ""B"", ""C"", ""D"", ""E"", ""F"", ""G"", ""H""]","[[""A"", ""B""], [""A"", ""D""], [""A"", ""F""], [""A"", ""H""], [""B"", ""E""], [""B"", ""F""], [""B"", ""G""], [""C"", ""E""], [""C"", ""F""], [""C"", ""G""], [""C"", ""H""], [""D"", ""E""], [""D"", ""G""], [""D"", ""H""], [""E"", ""F""], [""E"", ""H""], [""F"", ""G""], [""G"", ""H""]]","[5, 5, 5, 5, 4, 4, 4, 4]",A,G,0,2,medium,"[0.6, 0.2, 0.2]",2.092475,"[0.333333, 0.333333, 0.333333]","[0.571952, 0.214024, 0.214024]","[0.599165, 0.200417, 0.200417]","[0.935405, 0.032298, 0.032298]",null,null,"{""total_fill_gap"": 1, ""max_omega_gap"": 1, ""first_step_fill_gap"": 2, ""first_step_omega_gap"": 0}","[""A"", ""C"", ""B"", ""D"", ""E"", ""F"", ""G"", ""H""]","[""C"", ""B"", ""D"", ""A"", ""E"", ""F"", ""G"", ""H""]"
,,phase2_n8_257::low,phase2,free_query,phase2_n8_257,,,8,18,0.642857,"[""A"", ""B"", ""C"", ""D"", ""E"", ""F"", ""G"", ""H""]","[[""A"", ""B""], [""A"", ""D""], [""A"", ""F""], [""A"", ""H""], [""B"", ""E""], [""B"", ""F""], [""B"", ""G""], [""C"", ""E""], [""C"", ""F""], [""C"", ""G""], [""C"", ""H""], [""D"", ""E""], [""D"", ""G""], [""D"", ""H""], [""E"", ""F""], [""E"", ""H""], [""F"", ""G""], [""G"", ""H""]]","[5, 5, 5, 5, 4, 4, 4, 4]",A,G,0,2,low,"[0.4, 0.3, 0.3]",2.691892,"[0.333333, 0.333333, 0.333333]","[0.392988, 0.303506, 0.303506]","[0.399791, 0.300104, 0.300104]","[0.935074, 0.032463, 0.032463]",null,null,"{""total_fill_gap"": 1, ""max_omega_gap"": 1, ""first_step_fill_gap"": 2, ""first_step_omega_gap"": 0}","[""A"", ""C"", ""B"", ""D"", ""E"", ""F"", ""G"", ""H""]","[""C"", ""B"", ""D"", ""A"", ""E"", ""F"", ""G"", ""H""]"
,,phase2_n8_2648::high,phase2,free_query,phase2_n8_2648,,,8,15,0.535714,"[""A"", ""B"", ""C"", ""D"", ""E"", ""F"", ""G"", ""H""]","[[""A"", ""C""], [""A"", ""D""], [""A"", ""E""], [""A"", ""F""], [""A"", ""G""], [""A"", ""H""], [""B"", ""C""], [""B"", ""F""], [""B"", ""G""], [""C"", ""E""], [""D"", ""F""], [""D"", ""H""], [""E"", ""F""], [""E"", ""G""], [""E"", ""H""]]","[6, 5, 4, 3, 3, 3, 3, 3]",B,H,0,3,high,"[0.9, 0.05, 0.05]",4.248049,"[0.333333, 0.333333, 0.333333]","[0.128793, 0.435604, 0.435604]","[0.058466, 0.470767, 0.470767]","[0.443589, 0.553813, 0.002598]",null,null,"{""total_fill_gap"": 1, ""max_omega_gap"": 1, ""first_step_fill_gap"": 2, ""first_step_omega_gap"": 0}","[""B"", ""D"", ""H"", ""A"", ""C"", ""E"", ""F"", ""G""]","[""D"", ""H"", ""C"", ""F"", ""A"", ""B"", ""E"", ""G""]"
,,phase2_n8_2648::medium,phase2,free_query,phase2_n8_2648,,,8,15,0.535714,"[""A"", ""B"", ""C"", ""D"", ""E"", ""F"", ""G"", ""H""]","[[""A"", ""C""], [""A"", ""D""], [""A"", ""E""], [""A"", ""F""], [""A"", ""G""], [""A"", ""H""], [""B"", ""C""], [""B"", ""F""], [""B"", ""G""], [""C"", ""E""], [""D"", ""F""], [""D"", ""H""], [""E"", ""F""], [""E"", ""G""], [""E"", ""H""]]","[6, 5, 4, 3, 3, 3, 3, 3]",B,H,0,3,medium,"[0.6, 0.2, 0.2]",1.948216,"[0.333333, 0.333333, 0.333333]","[0.237079, 0.381461, 0.381461]","[0.203984, 0.398008, 0.398008]","[0.782945, 0.108527, 0.108527]",null,null,"{""total_fill_gap"": 1, ""max_omega_gap"": 1, ""first_step_fill_gap"": 2, ""first_step_omega_gap"": 0}","[""B"", ""D"", ""H"", ""A"", ""C"", ""E"", ""F"", ""G""]","[""D"", ""H"", ""C"", ""F"", ""A"", ""B"", ""E"", ""G""]"
,,phase2_n8_2648::low,phase2,free_query,phase2_n8_2648,,,8,15,0.535714,"[""A"", ""B"", ""C"", ""D"", ""E"", ""F"", ""G"", ""H""]","[[""A"", ""C""], [""A"", ""D""], [""A"", ""E""], [""A"", ""F""], [""A"", ""G""], [""A"", ""H""], [""B"", ""C""], [""B"", ""F""], [""B"", ""G""], [""C"", ""E""], [""D"", ""F""], [""D"", ""H""], [""E"", ""F""], [""E"", ""G""], [""E"", ""H""]]","[6, 5, 4, 3, 3, 3, 3, 3]",B,H,0,3,low,"[0.4, 0.3, 0.3]",1.46544,"[0.333333, 0.333333, 0.333333]","[0.30927, 0.345365, 0.345365]","[0.300996, 0.349502, 0.349502]","[0.784458, 0.107771, 0.107771]",null,null,"{""total_fill_gap"": 1, ""max_omega_gap"": 1, ""first_step_fill_gap"": 2, ""first_step_omega_gap"": 0}","[""B"", ""D"", ""H"", ""A"", ""C"", ""E"", ""F"", ""G""]","[""D"", ""H"", ""C"", ""F"", ""A"", ""B"", ""E"", ""G""]"
,,phase2_n8_189::high,phase2,free_query,phase2_n8_189,,,8,14,0.5,"[""A"", ""B"", ""C"", ""D"", ""E"", ""F"", ""G"", ""H""]","[[""A"", ""D""], [""A"", ""F""], [""A"", ""G""], [""B"", ""C""], [""B"", ""D""], [""B"", ""G""], [""B"", ""H""], [""C"", ""E""], [""C"", ""H""], [""D"", ""E""], [""E"", ""F""], [""E"", ""G""], [""E"", ""H""], [""F"", ""H""]]","[5, 4, 4, 3, 3, 3, 3, 3]",F,C,0,2,high,"[0.9, 0.05, 0.05]",3.20189,"[0.333333, 0.333333, 0.333333]","[0.696111, 0.151945, 0.151945]","[0.854567, 0.072717, 0.072717]","[0.45929, 0.538397, 0.002313]",null,null,"{""total_fill_gap"": 1, ""max_omega_gap"": 1, ""first_step_fill_gap"": 2, ""first_step_omega_gap"": 0}","[""A"", ""C"", ""H"", ""B"", ""D"", ""E"", ""F"", ""G""]","[""C"", ""H"", ""D"", ""F"", ""A"", ""B"", ""E"", ""G""]"
,,phase2_n8_189::medium,phase2,free_query,phase2_n8_189,,,8,14,0.5,"[""A"", ""B"", ""C"", ""D"", ""E"", ""F"", ""G"", ""H""]","[[""A"", ""D""], [""A"", ""F""], [""A"", ""G""], [""B"", ""C""], [""B"", ""D""], [""B"", ""G""], [""B"", ""H""], [""C"", ""E""], [""C"", ""H""], [""D"", ""E""], [""E"", ""F""], [""E"", ""G""], [""E"", ""H""], [""F"", ""H""]]","[5, 4, 4, 3, 3, 3, 3, 3]",F,C,0,2,medium,"[0.6, 0.2, 0.2]",0.878235,"[0.333333, 0.333333, 0.333333]","[0.504052, 0.247974, 0.247974]","[0.57862, 0.21069, 0.21069]","[0.775155, 0.112422, 0.112422]",null,null,"{""total_fill_gap"": 1, ""max_omega_gap"": 1, ""first_step_fill_gap"": 2, ""first_step_omega_gap"": 0}","[""A"", ""C"", ""H"", ""B"", ""D"", ""E"", ""F"", ""G""]","[""C"", ""H"", ""D"", ""F"", ""A"", ""B"", ""E"", ""G""]"
,,phase2_n8_189::low,phase2,free_query,phase2_n8_189,,,8,14,0.5,"[""A"", ""B"", ""C"", ""D"", ""E"", ""F"", ""G"", ""H""]","[[""A"", ""D""], [""A"", ""F""], [""A"", ""G""], [""B"", ""C""], [""B"", ""D""], [""B"", ""G""], [""B"", ""H""], [""C"", ""E""], [""C"", ""H""], [""D"", ""E""], [""E"", ""F""], [""E"", ""G""], [""E"", ""H""], [""F"", ""H""]]","[5, 4, 4, 3, 3, 3, 3, 3]",F,C,0,2,low,"[0.4, 0.3, 0.3]",1.078128,"[0.333333, 0.333333, 0.333333]","[0.376013, 0.311993, 0.311993]","[0.394655, 0.302673, 0.302673]","[0.770871, 0.114564, 0.114564]",null,null,"{""total_fill_gap"": 1, ""max_omega_gap"": 1, ""first_step_fill_gap"": 2, ""first_step_omega_gap"": 0}","[""A"", ""C"", ""H"", ""B"", ""D"", ""E"", ""F"", ""G""]","[""C"", ""H"", ""D"", ""F"", ""A"", ""B"", ""E"", ""G""]"
,,phase2_n8_1511::high,phase2,free_query,phase2_n8_1511,,,8,14,0.5,"[""A"", ""B"", ""C"", ""D"", ""E"", ""F"", ""G"", ""H""]","[[""A"", ""C""], [""A"", ""D""], [""A"", ""E""], [""B"", ""D""], [""B"", ""E""], [""B"", ""F""], [""B"", ""G""], [""C"", ""F""], [""C"", ""H""], [""D"", ""G""], [""D"", ""H""], [""E"", ""H""], [""F"", ""H""], [""G"", ""H""]]","[5, 4, 4, 3, 3, 3, 3, 3]",C,B,0,2,high,"[0.9, 0.05, 0.05]",2.603115,"[0.333333, 0.333333, 0.333333]","[0.244077, 0.377961, 0.377961]","[0.069028, 0.465486, 0.465486]","[0.179157, 0.799939, 0.020904]",null,null,"{""total_fill_gap"": 1, ""max_omega_gap"": 1, ""first_step_fill_gap"": 2, ""first_step_omega_gap"": 0}","[""A"", ""F"", ""G"", ""B"", ""C"", ""D"", ""E"", ""H""]","[""G"", ""F"", ""C"", ""D"", ""A"", ""B"", ""E"", ""H""]"
,,phase2_n8_1511::medium,phase2,free_query,phase2_n8_1511,,,8,14,0.5,"[""A"", ""B"", ""C"", ""D"", ""E"", ""F"", ""G"", ""H""]","[[""A"", ""C""], [""A"", ""D""], [""A"", ""E""], [""B"", ""D""], [""B"", ""E""], [""B"", ""F""], [""B"", ""G""], [""C"", ""F""], [""C"", ""H""], [""D"", ""G""], [""D"", ""H""], [""E"", ""H""], [""F"", ""H""], [""G"", ""H""]]","[5, 4, 4, 3, 3, 3, 3, 3]",C,B,0,2,medium,"[0.6, 0.2, 0.2]",2.372817,"[0.333333, 0.333333, 0.333333]","[0.291331, 0.354335, 0.354335]","[0.208954, 0.395523, 0.395523]","[0.847021, 0.07649, 0.07649]",null,null,"{""total_fill_gap"": 1, ""max_omega_gap"": 1, ""first_step_fill_gap"": 2, ""first_step_omega_gap"": 0}","[""A"", ""F"", ""G"", ""B"", ""C"", ""D"", ""E"", ""H""]","[""G"", ""F"", ""C"", ""D"", ""A"", ""B"", ""E"", ""H""]"
,,phase2_n8_1511::low,phase2,free_query,phase2_n8_1511,,,8,14,0.5,"[""A"", ""B"", ""C"", ""D"", ""E"", ""F"", ""G"", ""H""]","[[""A"", ""C""], [""A"", ""D""], [""A"", ""E""], [""B"", ""D""], [""B"", ""E""], [""B"", ""F""], [""B"", ""G""], [""C"", ""F""], [""C"", ""H""], [""D"", ""G""], [""D"", ""H""], [""E"", ""H""], [""F"", ""H""], [""G"", ""H""]]","[5, 4, 4, 3, 3, 3, 3, 3]",C,B,0,2,low,"[0.4, 0.3, 0.3]",1.974759,"[0.333333, 0.333333, 0.333333]","[0.322833, 0.338584, 0.338584]","[0.302239, 0.348881, 0.348881]","[0.848736, 0.075632, 0.075632]",null,null,"{""total_fill_gap"": 1, ""max_omega_gap"": 1, ""first_step_fill_gap"": 2, ""first_step_omega_gap"": 0}","[""A"", ""F"", ""G"", ""B"", ""C"", ""D"", ""E"", ""H""]","[""G"", ""F"", ""C"", ""D"", ""A"", ""B"", ""E"", ""H""]"
,,phase2_n7_2921::high,phase2,free_query,phase2_n7_2921,,,7,12,0.571429,"[""A"", ""B"", ""C"", ""D"", ""E"", ""F"", ""G""]","[[""A"", ""C""], [""A"", ""D""], [""A"", ""F""], [""A"", ""G""], [""B"", ""C""], [""B"", ""D""], [""B"", ""F""], [""C"", ""E""], [""D"", ""E""], [""D"", ""G""], [""E"", ""F""], [""E"", ""G""]]","[4, 4, 4, 3, 3, 3, 3]",A,E,0,2,high,"[0.9, 0.05, 0.05]",1.901486,"[0.333333, 0.333333, 0.333333]","[0.789695, 0.105153, 0.105153]","[0.875395, 0.062303, 0.062303]","[0.864926, 0.067537, 0.067537]",null,null,"{""total_fill_gap"": 1, ""max_omega_gap"": 1, ""first_step_fill_gap"": 2, ""first_step_omega_gap"": 0}","[""B"", ""G"", ""A"", ""C"", ""D"", ""E"", ""F""]","[""G"", ""C"", ""D"", ""A"", ""B"", ""E"", ""F""]"
,,phase2_n7_2921::medium,phase2,free_query,phase2_n7_2921,,,7,12,0.571429,"[""A"", ""B"", ""C"", ""D"", ""E"", ""F"", ""G""]","[[""A"", ""C""], [""A"", ""D""], [""A"", ""F""], [""A"", ""G""], [""B"", ""C""], [""B"", ""D""], [""B"", ""F""], [""C"", ""E""], [""D"", ""E""], [""D"", ""G""], [""E"", ""F""], [""E"", ""G""]]","[4, 4, 4, 3, 3, 3, 3]",A,E,0,2,medium,"[0.6, 0.2, 0.2]",0.981254,"[0.333333, 0.333333, 0.333333]","[0.548092, 0.225954, 0.225954]","[0.588421, 0.20579, 0.20579]","[0.800876, 0.099562, 0.099562]",null,null,"{""total_fill_gap"": 1, ""max_omega_gap"": 1, ""first_step_fill_gap"": 2, ""first_step_omega_gap"": 0}","[""B"", ""G"", ""A"", ""C"", ""D"", ""E"", ""F""]","[""G"", ""C"", ""D"", ""A"", ""B"", ""E"", ""F""]"
,,phase2_n7_2921::low,phase2,free_query,phase2_n7_2921,,,7,12,0.571429,"[""A"", ""B"", ""C"", ""D"", ""E"", ""F"", ""G""]","[[""A"", ""C""], [""A"", ""D""], [""A"", ""F""], [""A"", ""G""], [""B"", ""C""], [""B"", ""D""], [""B"", ""F""], [""C"", ""E""], [""D"", ""E""], [""D"", ""G""], [""E"", ""F""], [""E"", ""G""]]","[4, 4, 4, 3, 3, 3, 3]",A,E,0,2,low,"[0.4, 0.3, 0.3]",1.541031,"[0.333333, 0.333333, 0.333333]","[0.387023, 0.306489, 0.306489]","[0.397105, 0.301447, 0.301447]","[0.8389, 0.08055, 0.08055]",null,null,"{""total_fill_gap"": 1, ""max_omega_gap"": 1, ""first_step_fill_gap"": 2, ""first_step_omega_gap"": 0}","[""B"", ""G"", ""A"", ""C"", ""D"", ""E"", ""F""]","[""G"", ""C"", ""D"", ""A"", ""B"", ""E"", ""F""]"
,,phase2_n7_1490::high,phase2,free_query,phase2_n7_1490,,,7,12,0.571429,"[""A"", ""B"", ""C"", ""D"", ""E"", ""F"", ""G""]","[[""A"", ""D""], [""A"", ""E""], [""A"", ""F""], [""A"", ""G""], [""B"", ""D""], [""B"", ""E""], [""B"", ""F""], [""B"", ""G""], [""C"", ""D""], [""C"", ""E""], [""C"", ""F""], [""D"", ""G""]]","[4, 4, 4, 3, 3, 3, 3]",A,B,0,2,high,"[0.9, 0.05, 0.05]",1.901486,"[0.333333, 0.333333, 0.333333]","[0.789695, 0.105153, 0.105153]","[0.875395, 0.062303, 0.062303]","[0.864926, 0.067537, 0.067537]",null,null,"{""total_fill_gap"": 1, ""max_omega_gap"": 1, ""first_step_fill_gap"": 2, ""first_step_omega_gap"": 0}","[""C"", ""G"", ""A"", ""B"", ""D"", ""E"", ""F""]","[""G"", ""D"", ""E"", ""A"", ""B"", ""C"", ""F""]"
,,phase2_n7_1490::medium,phase2,free_query,phase2_n7_1490,,,7,12,0.571429,"[""A"", ""B"", ""C"", ""D"", ""E"", ""F"", ""G""]","[[""A"", ""D""], [""A"", ""E""], [""A"", ""F""], [""A"", ""G""], [""B"", ""D""], [""B"", ""E""], [""B"", ""F""], [""B"", ""G""], [""C"", ""D""], [""C"", ""E""], [""C"", ""F""], [""D"", ""G""]]","[4, 4, 4, 3, 3, 3, 3]",A,B,0,2,medium,"[0.6, 0.2, 0.2]",0.981254,"[0.333333, 0.333333, 0.333333]","[0.548092, 0.225954, 0.225954]","[0.588421, 0.20579, 0.20579]","[0.800876, 0.099562, 0.099562]",null,null,"{""total_fill_gap"": 1, ""max_omega_gap"": 1, ""first_step_fill_gap"": 2, ""first_step_omega_gap"": 0}","[""C"", ""G"", ""A"", ""B"", ""D"", ""E"", ""F""]","[""G"", ""D"", ""E"", ""A"", ""B"", ""C"", ""F""]"
,,phase2_n7_1490::low,phase2,free_query,phase2_n7_1490,,,7,12,0.571429,"[""A"", ""B"", ""C"", ""D"", ""E"", ""F"", ""G""]","[[""A"", ""D""], [""A"", ""E""], [""A"", ""F""], [""A"", ""G""], [""B"", ""D""], [""B"", ""E""], [""B"", ""F""], [""B"", ""G""], [""C"", ""D""], [""C"", ""E""], [""C"", ""F""], [""D"", ""G""]]","[4, 4, 4, 3, 3, 3, 3]",A,B,0,2,low,"[0.4, 0.3, 0.3]",1.541031,"[0.333333, 0.333333, 0.333333]","[0.387023, 0.306489, 0.306489]","[0.397105, 0.301447, 0.301447]","[0.8389, 0.08055, 0.08055]",null,null,"{""total_fill_gap"": 1, ""max_omega_gap"": 1, ""first_step_fill_gap"": 2, ""first_step_omega_gap"": 0}","[""C"", ""G"", ""A"", ""B"", ""D"", ""E"", ""F""]","[""G"", ""D"", ""E"", ""A"", ""B"", ""C"", ""F""]"
,,phase2_n7_1886::high,phase2,free_query,phase2_n7_1886,,,7,12,0.571429,"[""A"", ""B"", ""C"", ""D"", ""E"", ""F"", ""G""]","[[""A"", ""B""], [""A"", ""D""], [""A"", ""F""], [""B"", ""C""], [""B"", ""E""], [""C"", ""D""], [""C"", ""F""], [""C"", ""G""], [""D"", ""E""], [""D"", ""G""], [""E"", ""F""], [""E"", ""G""]]","[4, 4, 4, 3, 3, 3, 3]",C,E,0,2,high,"[0.9, 0.05, 0.05]",1.901486,"[0.333333, 0.333333, 0.333333]","[0.789695, 0.105153, 0.105153]","[0.875395, 0.062303, 0.062303]","[0.864926, 0.067537, 0.067537]",null,null,"{""total_fill_gap"": 1, ""max_omega_gap"": 1, ""first_step_fill_gap"": 2, ""first_step_omega_gap"": 0}","[""A"", ""G"", ""B"", ""C"", ""D"", ""E"", ""F""]","[""G"", ""B"", ""D"", ""A"", ""C"", ""E"", ""F""]"
,,phase2_n7_1886::medium,phase2,free_query,phase2_n7_1886,,,7,12,0.571429,"[""A"", ""B"", ""C"", ""D"", ""E"", ""F"", ""G""]","[[""A"", ""B""], [""A"", ""D""], [""A"", ""F""], [""B"", ""C""], [""B"", ""E""], [""C"", ""D""], [""C"", ""F""], [""C"", ""G""], [""D"", ""E""], [""D"", ""G""], [""E"", ""F""], [""E"", ""G""]]","[4, 4, 4, 3, 3, 3, 3]",C,E,0,2,medium,"[0.6, 0.2, 0.2]",0.981254,"[0.333333, 0.333333, 0.333333]","[0.548092, 0.225954, 0.225954]","[0.588421, 0.20579, 0.20579]","[0.800876, 0.099562, 0.099562]",null,null,"{""total_fill_gap"": 1, ""max_omega_gap"": 1, ""first_step_fill_gap"": 2, ""first_step_omega_gap"": 0}","[""A"", ""G"", ""B"", ""C"", ""D"", ""E"", ""F""]","[""G"", ""B"", ""D"", ""A"", ""C"", ""E"", ""F""]"
,,phase2_n7_1886::low,phase2,free_query,phase2_n7_1886,,,7,12,0.571429,"[""A"", ""B"", ""C"", ""D"", ""E"", ""F"", ""G""]","[[""A"", ""B""], [""A"", ""D""], [""A"", ""F""], [""B"", ""C""], [""B"", ""E""], [""C"", ""D""], [""C"", ""F""], [""C"", ""G""], [""D"", ""E""], [""D"", ""G""], [""E"", ""F""], [""E"", ""G""]]","[4, 4, 4, 3, 3, 3, 3]",C,E,0,2,low,"[0.4, 0.3, 0.3]",1.541031,"[0.333333, 0.333333, 0.333333]","[0.387023, 0.306489, 0.306489]","[0.397105, 0.301447, 0.301447]","[0.8389, 0.08055, 0.08055]",null,null,"{""total_fill_gap"": 1, ""max_omega_gap"": 1, ""first_step_fill_gap"": 2, ""first_step_omega_gap"": 0}","[""A"", ""G"", ""B"", ""C"", ""D"", ""E"", ""F""]","[""G"", ""B"", ""D"", ""A"", ""C"", ""E"", ""F""]"
,,phase2_n6_14812::high,phase2,free_query,phase2_n6_14812,,,6,10,0.666667,"[""A"", ""B"", ""C"", ""D"", ""E"", ""F""]","[[""A"", ""C""], [""A"", ""D""], [""A"", ""F""], [""B"", ""C""], [""B"", ""D""], [""B"", ""E""], [""B"", ""F""], [""C"", ""E""], [""D"", ""E""], [""E"", ""F""]]","[4, 4, 3, 3, 3, 3]",C,D,0,2,high,"[0.9, 0.05, 0.05]",1.468632,"[0.333333, 0.333333, 0.333333]","[0.726603, 0.136698, 0.136698]","[0.856298, 0.071851, 0.071851]","[0.767192, 0.116404, 0.116404]",null,null,"{""total_fill_gap"": 1, ""max_omega_gap"": 1, ""first_step_fill_gap"": 1, ""first_step_omega_gap"": 0}","[""A"", ""B"", ""C"", ""D"", ""E"", ""F""]","[""C"", ""D"", ""A"", ""B"", ""E"", ""F""]"
,,phase2_n6_14812::medium,phase2,free_query,phase2_n6_14812,,,6,10,0.666667,"[""A"", ""B"", ""C"", ""D"", ""E"", ""F""]","[[""A"", ""C""], [""A"", ""D""], [""A"", ""F""], [""B"", ""C""], [""B"", ""D""], [""B"", ""E""], [""B"", ""F""], [""C"", ""E""], [""D"", ""E""], [""E"", ""F""]]","[4, 4, 3, 3, 3, 3]",C,D,0,2,medium,"[0.6, 0.2, 0.2]",1.19111,"[0.333333, 0.333333, 0.333333]","[0.518402, 0.240799, 0.240799]","[0.579435, 0.210283, 0.210283]","[0.490824, 0.477288, 0.031888]",null,null,"{""total_fill_gap"": 1, ""max_omega_gap"": 1, ""first_step_fill_gap"": 1, ""first_step_omega_gap"": 0}","[""A"", ""B"", ""C"", ""D"", ""E"", ""F""]","[""C"", ""D"", ""A"", ""B"", ""E"", ""F""]"
,,phase2_n6_14812::low,phase2,free_query,phase2_n6_14812,,,6,10,0.666667,"[""A"", ""B"", ""C"", ""D"", ""E"", ""F""]","[[""A"", ""C""], [""A"", ""D""], [""A"", ""F""], [""B"", ""C""], [""B"", ""D""], [""B"", ""E""], [""B"", ""F""], [""C"", ""E""], [""D"", ""E""], [""E"", ""F""]]","[4, 4, 3, 3, 3, 3]",C,D,0,2,low,"[0.4, 0.3, 0.3]",0.860111,"[0.333333, 0.333333, 0.333333]","[0.3796, 0.3102, 0.3102]","[0.394859, 0.302571, 0.302571]","[0.732659, 0.133671, 0.133671]",null,null,"{""total_fill_gap"": 1, ""max_omega_gap"": 1, ""first_step_fill_gap"": 1, ""first_step_omega_gap"": 0}","[""A"", ""B"", ""C"", ""D"", ""E"", ""F""]","[""C"", ""D"", ""A"", ""B"", ""E"", ""F""]"
,,phase2_n6_16499::high,phase2,free_query,phase2_n6_16499,,,6,10,0.666667,"[""A"", ""B"", ""C"", ""D"", ""E"", ""F""]","[[""A"", ""B""], [""A"", ""D""], [""A"", ""F""], [""B"", ""C""], [""B"", ""E""], [""C"", ""D""], [""C"", ""E""], [""C"", ""F""], [""D"", ""E""], [""E"", ""F""]]","[4, 4, 3, 3, 3, 3]",D,B,0,2,high,"[0.9, 0.05, 0.05]",1.468632,"[0.333333, 0.333333, 0.333333]","[0.726603, 0.136698, 0.136698]","[0.856298, 0.071851, 0.071851]","[0.767192, 0.116404, 0.116404]",null,null,"{""total_fill_gap"": 1, ""max_omega_gap"": 1, ""first_step_fill_gap"": 1, ""first_step_omega_gap"": 0}","[""A"", ""B"", ""C"", ""D"", ""E"", ""F""]","[""B"", ""D"", ""A"", ""C"", ""E"", ""F""]"
,,phase2_n6_16499::medium,phase2,free_query,phase2_n6_16499,,,6,10,0.666667,"[""A"", ""B"", ""C"", ""D"", ""E"", ""F""]","[[""A"", ""B""], [""A"", ""D""], [""A"", ""F""], [""B"", ""C""], [""B"", ""E""], [""C"", ""D""], [""C"", ""E""], [""C"", ""F""], [""D"", ""E""], [""E"", ""F""]]","[4, 4, 3, 3, 3, 3]",D,B,0,2,medium,"[0.6, 0.2, 0.2]",1.19111,"[0.333333, 0.333333, 0.333333]","[0.518402, 0.240799, 0.240799]","[0.579435, 0.210283, 0.210283]","[0.490824, 0.477288, 0.031888]",null,null,"{""total_fill_gap"": 1, ""max_omega_gap"": 1, ""first_step_fill_gap"": 1, ""first_step_omega_gap"": 0}","[""A"", ""B"", ""C"", ""D"", ""E"", ""F""]","[""B"", ""D"", ""A"", ""C"", ""E"", ""F""]"
,,phase2_n6_16499::low,phase2,free_query,phase2_n6_16499,,,6,10,0.666667,"[""A"", ""B"", ""C"", ""D"", ""E"", ""F""]","[[""A"", ""B""], [""A"", ""D""], [""A"", ""F""], [""B"", ""C""], [""B"", ""E""], [""C"", ""D""], [""C"", ""E""], [""C"", ""F""], [""D"", ""E""], [""E"", ""F""]]","[4, 4, 3, 3, 3, 3]",D,B,0,2,low,"[0.4, 0.3, 0.3]",0.860111,"[0.333333, 0.333333, 0.333333]","[0.3796, 0.3102, 0.3102]","[0.394859, 0.302571, 0.302571]","[0.732659, 0.133671, 0.133671]",null,null,"{""total_fill_gap"": 1, ""max_omega_gap"": 1, ""first_step_fill_gap"": 1, ""first_step_omega_gap"": 0}","[""A"", ""B"", ""C"", ""D"", ""E"", ""F""]","[""B"", ""D"", ""A"", ""C"", ""E"", ""F""]"
,,phase2_n6_19646::high,phase2,free_query,phase2_n6_19646,,,6,10,0.666667,"[""A"", ""B"", ""C"", ""D"", ""E"", ""F""]","[[""A"", ""B""], [""A"", ""D""], [""A"", ""E""], [""B"", ""C""], [""B"", ""F""], [""C"", ""D""], [""C"", ""E""], [""C"", ""F""], [""D"", ""F""], [""E"", ""F""]]","[4, 4, 3, 3, 3, 3]",D,E,0,2,high,"[0.9, 0.05, 0.05]",1.468632,"[0.333333, 0.333333, 0.333333]","[0.726603, 0.136698, 0.136698]","[0.856298, 0.071851, 0.071851]","[0.767192, 0.116404, 0.116404]",null,null,"{""total_fill_gap"": 1, ""max_omega_gap"": 1, ""first_step_fill_gap"": 1, ""first_step_omega_gap"": 0}","[""A"", ""B"", ""C"", ""D"", ""E"", ""F""]","[""B"", ""D"", ""A"", ""C"", ""E"", ""F""]"
,,phase2_n6_19646::medium,phase2,free_query,phase2_n6_19646,,,6,10,0.666667,"[""A"", ""B"", ""C"", ""D"", ""E"", ""F""]","[[""A"", ""B""], [""A"", ""D""], [""A"", ""E""], [""B"", ""C""], [""B"", ""F""], [""C"", ""D""], [""C"", ""E""], [""C"", ""F""], [""D"", ""F""], [""E"", ""F""]]","[4, 4, 3, 3, 3, 3]",D,E,0,2,medium,"[0.6, 0.2, 0.2]",1.19111,"[0.333333, 0.333333, 0.333333]","[0.518402, 0.240799, 0.240799]","[0.579435, 0.210283, 0.210283]","[0.490824, 0.477288, 0.031888]",null,null,"{""total_fill_gap"": 1, ""max_omega_gap"": 1, ""first_step_fill_gap"": 1, ""first_step_omega_gap"": 0}","[""A"", ""B"", ""C"", ""D"", ""E"", ""F""]","[""B"", ""D"", ""A"", ""C"", ""E"", ""F""]"
,,phase2_n6_19646::low,phase2,free_query,phase2_n6_19646,,,6,10,0.666667,"[""A"", ""B"", ""C"", ""D"", ""E"", ""F""]","[[""A"", ""B""], [""A"", ""D""], [""A"", ""E""], [""B"", ""C""], [""B"", ""F""], [""C"", ""D""], [""C"", ""E""], [""C"", ""F""], [""D"", ""F""], [""E"", ""F""]]","[4, 4, 3, 3, 3, 3]",D,E,0,2,low,"[0.4, 0.3, 0.3]",0.860111,"[0.333333, 0.333333, 0.333333]","[0.3796, 0.3102, 0.3102]","[0.394859, 0.302571, 0.302571]","[0.732659, 0.133671, 0.133671]",null,null,"{""total_fill_gap"": 1, ""max_omega_gap"": 1, ""first_step_fill_gap"": 1, ""first_step_omega_gap"": 0}","[""A"", ""B"", ""C"", ""D"", ""E"", ""F""]","[""B"", ""D"", ""A"", ""C"", ""E"", ""F""]"
,,phase2_n6_20811::high,phase2,free_query,phase2_n6_20811,,,6,10,0.666667,"[""A"", ""B"", ""C"", ""D"", ""E"", ""F""]","[[""A"", ""B""], [""A"", ""C""], [""A"", ""F""], [""B"", ""D""], [""B"", ""E""], [""C"", ""D""], [""C"", ""E""], [""D"", ""E""], [""D"", ""F""], [""E"", ""F""]]","[4, 4, 3, 3, 3, 3]",F,B,0,2,high,"[0.9, 0.05, 0.05]",1.468632,"[0.333333, 0.333333, 0.333333]","[0.726603, 0.136698, 0.136698]","[0.856298, 0.071851, 0.071851]","[0.767192, 0.116404, 0.116404]",null,null,"{""total_fill_gap"": 1, ""max_omega_gap"": 1, ""first_step_fill_gap"": 1, ""first_step_omega_gap"": 0}","[""A"", ""B"", ""C"", ""D"", ""E"", ""F""]","[""B"", ""C"", ""A"", ""D"", ""E"", ""F""]"
,,phase2_n6_20811::medium,phase2,free_query,phase2_n6_20811,,,6,10,0.666667,"[""A"", ""B"", ""C"", ""D"", ""E"", ""F""]","[[""A"", ""B""], [""A"", ""C""], [""A"", ""F""], [""B"", ""D""], [""B"", ""E""], [""C"", ""D""], [""C"", ""E""], [""D"", ""E""], [""D"", ""F""], [""E"", ""F""]]","[4, 4, 3, 3, 3, 3]",F,B,0,2,medium,"[0.6, 0.2, 0.2]",1.19111,"[0.333333, 0.333333, 0.333333]","[0.518402, 0.240799, 0.240799]","[0.579435, 0.210283, 0.210283]","[0.490824, 0.477288, 0.031888]",null,null,"{""total_fill_gap"": 1, ""max_omega_gap"": 1, ""first_step_fill_gap"": 1, ""first_step_omega_gap"": 0}","[""A"", ""B"", ""C"", ""D"", ""E"", ""F""]","[""B"", ""C"", ""A"", ""D"", ""E"", ""F""]"
,,phase2_n6_20811::low,phase2,free_query,phase2_n6_20811,,,6,10,0.666667,"[""A"", ""B"", ""C"", ""D"", ""E"", ""F""]","[[""A"", ""B""], [""A"", ""C""], [""A"", ""F""], [""B"", ""D""], [""B"", ""E""], [""C"", ""D""], [""C"", ""E""], [""D"", ""E""], [""D"", ""F""], [""E"", ""F""]]","[4, 4, 3, 3, 3, 3]",F,B,0,2,low,"[0.4, 0.3, 0.3]",0.860111,"[0.333333, 0.333333, 0.333333]","[0.3796, 0.3102, 0.3102]","[0.394859, 0.302571, 0.302571]","[0.732659, 0.133671, 0.133671]",null,null,"{""total_fill_gap"": 1, ""max_omega_gap"": 1, ""first_step_fill_gap"": 1, ""first_step_omega_gap"": 0}","[""A"", ""B"", ""C"", ""D"", ""E"", ""F""]","[""B"", ""C"", ""A"", ""D"", ""E"", ""F""]"
,,phase2_n7_2760::high,phase2,free_query,phase2_n7_2760,,,7,12,0.571429,"[""A"", ""B"", ""C"", ""D"", ""E"", ""F"", ""G""]","[[""A"", ""B""], [""A"", ""C""], [""A"", ""G""], [""B"", ""D""], [""B"", ""E""], [""C"", ""D""], [""C"", ""E""], [""C"", ""F""], [""D"", ""E""], [""D"", ""G""], [""E"", ""F""], [""E"", ""G""]]","[5, 4, 4, 3, 3, 3, 2]",F,D,0,2,high,"[0.9, 0.05, 0.05]",3.793797,"[0.333333, 0.333333, 0.333333]","[0.664816, 0.167592, 0.167592]","[0.822779, 0.088611, 0.088611]","[0.279693, 0.717581, 0.002727]",null,null,"{""total_fill_gap"": 1, ""max_omega_gap"": 1, ""first_step_fill_gap"": 0, ""first_step_omega_gap"": 0}","[""F"", ""A"", ""B"", ""C"", ""D"", ""E"", ""G""]","[""F"", ""B"", ""C"", ""A"", ""D"", ""E"", ""G""]"
,,phase2_n7_2760::medium,phase2,free_query,phase2_n7_2760,,,7,12,0.571429,"[""A"", ""B"", ""C"", ""D"", ""E"", ""F"", ""G""]","[[""A"", ""B""], [""A"", ""C""], [""A"", ""G""], [""B"", ""D""], [""B"", ""E""], [""C"", ""D""], [""C"", ""E""], [""C"", ""F""], [""D"", ""E""], [""D"", ""G""], [""E"", ""F""], [""E"", ""G""]]","[5, 4, 4, 3, 3, 3, 2]",F,D,0,2,medium,"[0.6, 0.2, 0.2]",1.276959,"[0.333333, 0.333333, 0.333333]","[0.489325, 0.255337, 0.255337]","[0.563661, 0.21817, 0.21817]","[0.842593, 0.078704, 0.078704]",null,null,"{""total_fill_gap"": 1, ""max_omega_gap"": 1, ""first_step_fill_gap"": 0, ""first_step_omega_gap"": 0}","[""F"", ""A"", ""B"", ""C"", ""D"", ""E"", ""G""]","[""F"", ""B"", ""C"", ""A"", ""D"", ""E"", ""G""]"
,,phase2_n7_2760::low,phase2,free_query,phase2_n7_2760,,,7,12,0.571429,"[""A"", ""B"", ""C"", ""D"", ""E"", ""F"", ""G""]","[[""A"", ""B""], [""A"", ""C""], [""A"", ""G""], [""B"", ""D""], [""B"", ""E""], [""C"", ""D""], [""C"", ""E""], [""C"", ""F""], [""D"", ""E""], [""D"", ""G""], [""E"", ""F""], [""E"", ""G""]]","[5, 4, 4, 3, 3, 3, 2]",F,D,0,2,low,"[0.4, 0.3, 0.3]",1.634541,"[0.333333, 0.333333, 0.333333]","[0.372331, 0.313834, 0.313834]","[0.390915, 0.304542, 0.304542]","[0.845241, 0.07738, 0.07738]",null,null,"{""total_fill_gap"": 1, ""max_omega_gap"": 1, ""first_step_fill_gap"": 0, ""first_step_omega_gap"": 0}","[""F"", ""A"", ""B"", ""C"", ""D"", ""E"", ""G""]","[""F"", ""B"", ""C"", ""A"", ""D"", ""E"", ""G""]"
